fg3a_per_fga_pct,Yyy,vorp,ws_per_48,pos,player,team_id,ows,tov_pct,ts_pct,stl_pct,drb_pct,blk_pct,Xxx,per,orb_pct,dws,season,usg_pct,link,ast_pct,obpm,fta_per_fga_pct,bpm,g,age,dbpm,pseudo,mp,trb_pct,ws,salary
0.057999999999999996,,1.3,0.139,PF,Shareef Abdur-Rahim,POR,3.9,13.0,0.581,1.4,16.0,1.0,,18.7,7.9,1.5,04/05,22.1,a/abdursh01.html,10.7,1.4,0.379,0.8,54,28,-0.5,abdursh01,1867,12.1,5.4,14625000
0.0,,0.0,0.1,PF,Malik Allen,TOT,0.6,8.7,0.512,0.9,13.3,3.2,,14.2,9.0,0.5,04/05,18.1,a/allenma01.html,5.7,-2.0,0.158,-2.3,36,26,-0.3,allenma01,519,11.0,1.1,1950625
0.37200000000000005,,4.4,0.168,SG,Ray Allen,SEA,9.7,9.2,0.555,1.5,10.7,0.1,,20.9,3.2,1.0,04/05,28.0,a/allenra02.html,18.1,5.6,0.28600000000000003,3.7,78,29,-1.9,allenra02,3064,6.9,10.7,14625000
0.08,,0.6,0.10300000000000001,SG,Tony Allen,BOS,1.2,14.5,0.542,3.1,12.3,1.4,,14.7,8.0,1.6,04/05,18.9,a/allento01.html,8.2,-0.7,0.39299999999999996,-0.1,77,23,0.6,allento01,1262,10.2,2.7,901920
0.39899999999999997,,2.4,0.098,PG,Rafer Alston,TOR,3.8,13.5,0.522,2.2,10.1,0.2,,16.5,1.7,1.7,04/05,21.2,a/alstora01.html,31.7,2.6,0.265,1.5,80,28,-1.2,alstora01,2717,5.8,5.5,3500000
0.008,,1.2,0.152,C,Chris Andersen,NOH,2.7,12.7,0.581,0.5,23.6,5.6,,18.5,10.9,1.8,04/05,16.4,a/anderch01.html,9.1,-1.1,0.531,1.2,67,26,2.4,anderch01,1430,17.0,4.5,1600000
0.386,,0.0,0.052000000000000005,SG,Derek Anderson,POR,0.7,14.0,0.503,1.6,9.2,0.2,,11.7,2.4,0.6,04/05,18.5,a/anderde01.html,18.9,-0.3,0.223,-2.1,47,30,-1.8,anderde01,1239,6.0,1.3,8443500
0.065,,-0.4,0.011000000000000001,PG,Kenny Anderson,TOT,-0.1,18.4,0.467,2.3,10.5,0.0,,10.1,3.6,0.3,04/05,16.1,a/anderke01.html,22.2,-2.9,0.184,-4.4,43,34,-1.5,anderke01,743,6.9,0.2,1100000
0.134,,0.3,0.085,SF-SG,Shandon Anderson,TOT,0.5,16.9,0.518,1.8,14.4,0.9,,9.0,4.3,1.6,04/05,11.8,a/andersh01.html,8.7,-2.5,0.304,-1.0,66,31,1.4,andersh01,1171,9.5,2.1,873699
0.128,,0.5,0.09,SF,Carmelo Anthony,DEN,2.3,13.1,0.526,1.3,12.5,0.9,,16.7,6.3,2.6,04/05,29.2,a/anthoca01.html,13.1,0.1,0.466,-1.2,75,20,-1.3,anthoca01,2608,9.4,4.9,3471360
0.017,,-0.7,0.016,C,Rafael Araujo,TOR,-0.4,20.7,0.49200000000000005,1.5,19.7,0.8,,7.1,8.9,0.7,04/05,15.6,a/araujra01.html,3.4,-5.2,0.314,-5.9,59,24,-0.7,araujra01,736,14.2,0.3,2082720
0.369,,4.9,0.16899999999999998,PG,Gilbert Arenas,WAS,9.2,11.8,0.565,2.2,10.5,0.5,,21.3,2.8,2.3,04/05,27.3,a/arenagi01.html,22.9,5.5,0.42,4.0,80,23,-1.5,arenagi01,3274,6.5,11.5,9389600
0.033,,0.4,0.073,SF,Trevor Ariza,NYK,0.8,13.6,0.503,2.7,13.1,1.0,,13.3,7.5,1.3,04/05,17.8,a/arizatr01.html,9.8,-1.6,0.447,-1.0,80,19,0.7,arizatr01,1382,10.3,2.1,385277
0.401,,0.1,0.039,PG,Darrell Armstrong,TOT,-0.2,17.9,0.43,2.4,9.3,0.6,,11.0,4.0,1.0,04/05,17.3,a/armstda01.html,27.9,-1.2,0.245,-1.6,66,36,-0.4,armstda01,988,6.7,0.8,2275000
0.07,,-1.0,0.043,PG,Carlos Arroyo,TOT,0.3,17.8,0.466,1.7,6.5,0.2,,11.3,2.1,1.0,04/05,19.3,a/arroyca01.html,32.3,-2.3,0.34700000000000003,-4.8,70,25,-2.5,arroyca01,1448,4.3,1.3,4000000
0.5,,0.8,0.07400000000000001,PG,Chucky Atkins,LAL,4.7,13.1,0.5579999999999999,1.3,6.4,0.1,,13.4,1.2,-0.2,04/05,17.9,a/atkinch01.html,20.6,2.0,0.223,-0.9,82,30,-2.9,atkinch01,2903,3.8,4.5,4200000
0.0,,-0.2,0.053,SF,Stacey Augmon,ORL,0.3,13.4,0.48,1.8,9.0,0.9,,9.8,7.7,0.4,04/05,15.3,a/augmost01.html,8.1,-2.5,0.461,-3.1,55,36,-0.6,augmost01,663,8.4,0.7,1100000
0.024,,-0.3,-0.091,PF-C,Vin Baker,TOT,-0.5,25.6,0.354,0.5,12.7,1.5,,1.4,9.7,0.1,04/05,14.9,b/bakervi01.html,7.2,-7.2,0.405,-7.7,27,33,-0.5,bakervi01,204,11.2,-0.4,3500000
0.20600000000000002,,0.2,0.081,PG,Marcus Banks,BOS,0.8,18.1,0.52,2.8,9.7,0.9,,12.3,3.0,1.2,04/05,17.2,b/banksma01.html,20.3,-1.3,0.57,-1.5,81,23,-0.2,banksma01,1145,6.4,1.9,1611840
0.39299999999999996,,0.3,0.081,PG,Leandro Barbosa,PHO,1.2,18.5,0.575,1.4,9.2,0.4,,12.8,3.3,0.6,04/05,18.9,b/barbole01.html,16.7,0.5,0.195,-0.8,63,22,-1.3,barbole01,1087,6.4,1.8,870000
0.146,,-0.1,0.027999999999999997,SF,Matt Barnes,SAC,-0.2,20.3,0.465,2.2,13.1,0.7,,9.0,7.7,0.6,04/05,13.8,b/barnema02.html,11.1,-3.0,0.384,-2.5,43,24,0.5,barnema02,715,10.4,0.4,695046
0.419,,-0.2,0.040999999999999995,PG,Andre Barrett,TOT,-0.1,16.9,0.446,2.1,6.7,0.1,,8.6,2.7,0.5,04/05,15.0,b/barrean01.html,22.3,-2.4,0.153,-3.5,38,22,-1.1,barrean01,483,4.7,0.4,385277
0.61,,1.8,0.168,SG,Brent Barry,SAS,3.5,11.0,0.58,1.2,10.8,0.8,,14.0,1.9,2.7,04/05,15.6,b/barrybr01.html,16.3,1.7,0.294,2.0,81,33,0.3,barrybr01,1742,6.4,6.1,4264900
0.44799999999999995,,1.1,0.125,SG,Jon Barry,TOT,2.1,14.4,0.57,2.1,10.1,0.5,,13.4,2.0,1.8,04/05,14.4,b/barryjo01.html,18.1,0.4,0.193,0.8,69,35,0.4,barryjo01,1505,6.2,3.9,1800000
0.017,,-0.4,0.051,C,Tony Battie,ORL,0.1,17.0,0.498,0.8,20.0,3.0,,8.6,6.5,1.9,04/05,11.0,b/battito01.html,3.2,-3.9,0.266,-2.9,81,28,1.0,battito01,1894,13.4,2.0,4800000
0.289,,3.6,0.149,SG,Shane Battier,MEM,4.4,9.5,0.555,2.0,12.1,2.4,,14.8,7.6,3.4,04/05,14.8,b/battish01.html,8.3,1.3,0.37200000000000005,3.7,80,26,2.4,battish01,2516,9.8,7.8,3212402
0.125,,-0.2,-0.12,SF,Jonathan Bender,IND,-0.3,19.0,0.42200000000000004,0.6,11.4,1.6,,5.8,6.5,0.1,04/05,27.1,b/bendejo01.html,8.6,-7.6,0.15,-10.0,7,24,-2.3,bendejo01,93,9.0,-0.2,6525000
0.188,,-0.3,0.084,PG,Travis Best,NJN,0.8,11.7,0.508,2.4,7.4,0.5,,11.9,1.5,1.8,04/05,18.4,b/besttr01.html,17.4,-2.1,0.27,-2.9,76,32,-0.8,besttr01,1461,4.4,2.5,1000000
0.28800000000000003,,3.3,0.133,PG,Mike Bibby,SAC,6.6,12.3,0.5429999999999999,2.1,9.2,0.7,,19.2,2.8,1.9,04/05,23.8,b/bibbymi01.html,28.1,3.5,0.327,2.3,80,26,-1.2,bibbymi01,3084,6.0,8.5,10500000
0.424,,4.2,0.20199999999999999,PG,Chauncey Billups,DET,8.6,14.3,0.609,1.6,9.0,0.2,,19.0,2.0,3.5,04/05,20.7,b/billuch01.html,28.2,4.7,0.418,3.8,80,28,-0.9,billuch01,2866,5.5,12.1,5455200
0.002,,0.4,0.063,C,Mark Blount,BOS,1.2,18.6,0.5589999999999999,0.8,13.6,2.3,,12.5,8.0,1.6,04/05,17.9,b/blounma01.html,9.9,-1.4,0.265,-1.2,82,29,0.2,blounma01,2130,10.9,2.8,4903000
0.251,,-0.3,0.002,SG,Keith Bogans,CHA,-1.0,13.7,0.465,2.0,10.1,0.3,,10.4,4.6,1.1,04/05,22.0,b/boganke01.html,12.6,-1.7,0.266,-2.7,74,24,-1.1,boganke01,1791,7.2,0.1,620046
0.19899999999999998,,0.7,0.13,C,Matt Bonner,TOR,3.3,7.5,0.596,1.3,13.1,0.9,,14.7,7.7,0.9,04/05,15.7,b/bonnema01.html,5.3,0.9,0.153,-0.1,82,24,-1.1,bonnema01,1553,10.4,4.2,385277
0.009000000000000001,,0.0,0.10099999999999999,C,Calvin Booth,TOT,0.3,11.6,0.508,1.7,19.7,4.6,,11.9,7.4,0.7,04/05,13.8,b/boothca01.html,2.7,-3.7,0.29600000000000004,-2.1,51,28,1.5,boothca01,451,13.6,1.0,5900700
0.001,,1.8,0.111,PF,Carlos Boozer,UTA,2.7,14.5,0.56,1.3,22.7,1.1,,19.2,9.6,1.4,04/05,24.6,b/boozeca01.html,15.9,1.8,0.387,2.1,51,23,0.3,boozeca01,1772,16.0,4.1,10967500
0.0,,0.0,0.046,C,Curtis Borchardt,UTA,0.2,20.4,0.49200000000000005,0.6,20.5,3.2,,9.4,12.1,0.6,04/05,13.7,b/borchcu01.html,9.1,-2.9,0.413,-2.2,67,24,0.8,borchcu01,859,16.2,0.8,1280880
0.423,,2.1,0.111,SF,Bruce Bowen,SAS,2.1,8.1,0.521,1.1,10.5,1.1,,9.5,2.2,4.0,04/05,12.5,b/bowenbr01.html,7.5,-0.6,0.187,1.1,82,33,1.8,bowenbr01,2627,6.3,6.1,3000000
0.054000000000000006,,0.0,0.087,SF,Ryan Bowen,HOU,0.2,5.5,0.462,2.1,10.4,0.6,,7.7,4.2,0.9,04/05,9.9,b/bowenry01.html,4.7,-3.7,0.18899999999999997,-2.1,66,29,1.6,bowenry01,604,7.3,1.1,807046
0.042,,-0.1,0.08199999999999999,PF,Michael Bradley,TOT,0.1,15.4,0.6,0.4,18.7,1.2,,11.7,7.6,0.1,04/05,12.1,b/bradlmi01.html,6.7,-2.7,0.33299999999999996,-3.9,18,25,-1.2,bradlmi01,119,13.2,0.2,720046
0.0,,0.2,0.102,C,Shawn Bradley,DAL,0.4,13.4,0.494,1.5,17.8,5.3,,11.0,9.0,1.5,04/05,12.5,b/bradlsh01.html,2.5,-3.4,0.33899999999999997,-1.0,77,32,2.4,bradlsh01,885,13.5,1.9,4000000
0.405,,-0.2,-0.07400000000000001,PG,Jamison Brewer,NYK,-0.4,23.3,0.363,2.3,10.2,0.4,,4.0,3.8,0.1,04/05,13.7,b/breweja01.html,9.4,-5.5,0.35100000000000003,-5.5,18,24,0.0,breweja01,185,7.0,-0.3,720046
0.0,,1.2,0.10400000000000001,C,Primoz Brezec,CHA,3.5,11.1,0.55,0.8,16.2,1.8,,16.1,10.8,1.4,04/05,18.7,b/brezepr01.html,6.6,0.2,0.29100000000000004,0.1,72,25,-0.2,brezepr01,2276,13.3,4.9,1554326
0.29600000000000004,,0.7,0.145,SG,Devin Brown,SAS,1.6,10.2,0.53,1.7,13.1,0.7,,14.6,3.5,2.1,04/05,19.5,b/brownde02.html,12.4,-0.2,0.318,0.4,67,26,0.6,brownde02,1238,8.3,3.7,695046
0.5,,0.0,0.06,SF,Kedrick Brown,PHI,0.0,32.5,0.5770000000000001,2.8,20.7,1.4,,9.7,2.0,0.1,04/05,12.4,b/brownke01.html,10.3,-5.2,1.6669999999999998,-3.2,8,23,2.0,brownke01,55,11.2,0.1,2332388
0.0,,-0.6,0.032,PF,Kwame Brown,WAS,-0.2,18.6,0.49700000000000005,1.4,17.2,1.2,,10.4,8.6,0.8,04/05,17.4,b/brownkw01.html,6.8,-3.9,0.544,-4.4,42,22,-0.5,brownkw01,908,12.8,0.6,5361873
0.0,,2.3,0.11800000000000001,PF,P.J. Brown,NOH,4.0,10.5,0.512,1.4,20.6,1.4,,15.5,10.7,2.9,04/05,15.9,b/brownpj01.html,11.2,-0.5,0.321,1.3,82,35,1.7,brownpj01,2817,15.5,6.9,8000000
0.207,,-1.2,-0.021,PG,Tierre Brown,LAL,-0.5,16.3,0.43700000000000006,1.6,7.6,0.1,,9.5,2.2,0.0,04/05,19.3,b/brownti01.html,23.6,-3.5,0.21600000000000003,-6.6,76,25,-3.1,brownti01,1066,4.9,-0.5,720046
0.294,,-0.3,0.048,PG,Rick Brunson,LAC,0.3,20.8,0.46,2.3,9.8,0.3,,11.6,1.5,1.6,04/05,14.3,b/brunsri01.html,32.7,-1.4,0.16699999999999998,-2.6,80,32,-1.1,brunsri01,1945,5.8,1.9,932546
0.292,,4.5,0.145,SG,Kobe Bryant,LAL,7.1,14.3,0.563,1.7,12.4,1.4,,23.3,4.0,1.0,04/05,31.7,b/bryanko01.html,28.5,5.6,0.502,4.6,66,26,-1.0,bryanko01,2689,8.2,8.1,14175000
0.183,,0.0,0.10300000000000001,PG,Antonio Burks,MEM,0.2,14.9,0.534,3.2,6.0,0.4,,12.8,0.5,0.3,04/05,17.3,b/burksan01.html,21.9,-1.7,0.317,-2.5,24,24,-0.9,burksan01,219,3.3,0.5,385277
0.126,,1.2,0.09300000000000001,SF,Caron Butler,LAL,4.1,9.9,0.528,2.1,12.4,0.6,,15.8,6.0,1.2,04/05,20.7,b/butleca01.html,9.3,0.4,0.322,-0.2,77,24,-0.7,butleca01,2746,9.2,5.3,1930680
0.374,,-0.3,0.068,SF,Rasual Butler,MIA,0.3,7.9,0.488,0.8,12.7,1.8,,10.3,1.5,1.4,04/05,18.1,b/butlera01.html,8.1,-2.0,0.11699999999999999,-2.9,65,25,-0.9,butlera01,1203,7.3,1.7,1200000
0.006999999999999999,,2.8,0.138,C,Marcus Camby,DEN,1.2,13.2,0.505,1.6,30.1,7.4,,18.0,7.5,4.5,04/05,17.2,c/cambyma01.html,12.0,-2.4,0.28800000000000003,3.4,66,30,5.8,cambyma01,2015,18.9,5.8,8500000
0.289,,1.4,0.11599999999999999,PF,Brian Cardinal,MEM,1.1,14.0,0.51,3.3,13.5,1.0,,14.0,5.3,2.4,04/05,19.6,c/cardibr01.html,13.3,-0.1,0.419,1.9,58,27,2.0,cardibr01,1433,9.4,3.5,4903000
0.0,,0.0,0.17300000000000001,SG,Geno Carlisle,POR,0.1,15.1,0.7090000000000001,0.0,0.0,0.0,,18.1,7.5,0.0,04/05,19.1,c/carlige01.html,10.3,1.3,2.0,-4.2,6,28,-5.5,carlige01,16,3.6,0.1,65779
0.203,,5.2,0.159,SF-SG,Vince Carter,TOT,5.9,8.8,0.541,2.1,12.6,1.3,,22.9,4.4,3.5,04/05,31.6,c/cartevi01.html,25.7,5.3,0.299,5.3,77,28,0.0,cartevi01,2828,8.4,9.4,12584688
0.15,,1.0,0.11900000000000001,PG,Sam Cassell,MIN,2.8,12.6,0.529,1.3,9.5,0.7,,18.6,2.0,1.0,04/05,26.4,c/cassesa01.html,35.2,2.5,0.226,0.6,59,35,-2.0,cassesa01,1522,5.9,3.8,6250000
0.005,,2.8,0.183,C,Tyson Chandler,CHI,2.8,17.2,0.565,1.6,26.1,4.8,,16.4,13.4,5.5,04/05,14.0,c/chandty01.html,4.8,-1.8,0.802,3.1,80,22,4.9,chandty01,2189,19.8,8.3,4801102
0.011000000000000001,,-0.8,0.013000000000000001,SG,Calbert Cheaney,GSW,-0.3,11.1,0.444,0.9,11.0,1.1,,7.8,3.5,0.5,04/05,14.7,c/cheanca01.html,10.5,-4.8,0.14,-5.3,55,33,-0.5,cheanca01,951,7.1,0.3,1600000
0.087,,1.2,0.09300000000000001,SG,Josh Childress,ATL,3.7,12.5,0.5429999999999999,1.6,14.8,1.1,,15.2,9.1,0.9,04/05,16.0,c/childjo01.html,10.4,0.3,0.36,0.0,80,21,-0.3,childjo01,2376,11.8,4.6,2490360
0.187,,0.2,0.03,SG,Doug Christie,TOT,-0.4,22.1,0.47100000000000003,2.7,10.1,0.8,,9.9,2.8,1.3,04/05,13.6,c/chrisdo01.html,18.3,-2.5,0.235,-1.6,52,34,0.9,chrisdo01,1525,6.5,0.9,7550000
0.1,,0.7,0.096,PG,Speedy Claxton,TOT,1.9,14.1,0.493,3.0,9.1,0.3,,15.8,2.1,1.8,04/05,20.1,c/claxtsp01.html,33.1,-0.2,0.41600000000000004,-0.5,62,26,-0.4,claxtsp01,1866,5.4,3.7,3300000
0.037000000000000005,,-1.5,0.0,C,Jason Collier,ATL,-0.1,13.4,0.494,0.8,13.0,1.1,,11.0,9.9,0.1,04/05,22.4,c/collija02.html,3.4,-3.9,0.18899999999999997,-8.1,70,27,-4.2,collija02,942,11.4,0.0,1500000
0.006,,-0.2,0.057,C,Jarron Collins,UTA,0.9,14.0,0.509,0.6,14.2,0.5,,8.0,7.2,0.3,04/05,11.7,c/collija03.html,9.8,-1.9,0.758,-2.6,50,26,-0.7,collija03,961,10.6,1.1,1700000
0.013000000000000001,,0.6,0.073,C,Jason Collins,NJN,0.2,14.4,0.47100000000000003,1.5,16.1,2.3,,8.6,7.1,3.7,04/05,11.7,c/collija04.html,6.7,-3.8,0.46299999999999997,-1.1,80,26,2.7,collija04,2542,11.5,3.9,1887864
0.47200000000000003,,-0.1,0.08800000000000001,C,Brian Cook,LAL,1.5,6.2,0.522,1.1,15.8,1.8,,14.1,6.6,0.5,04/05,19.4,c/cookbr01.html,5.7,0.3,0.08800000000000001,-2.3,72,24,-2.6,cookbr01,1087,11.2,2.0,971160
0.467,,1.9,0.075,SG,Jamal Crawford,NYK,3.1,11.0,0.521,1.8,7.5,0.5,,15.2,1.4,1.1,04/05,22.8,c/crawfja01.html,19.2,2.5,0.19699999999999998,0.8,70,24,-1.8,crawfja01,2688,4.4,4.2,5760000
0.35,,0.8,0.107,PF,Austin Croshere,IND,1.8,14.6,0.531,1.4,17.5,0.7,,13.5,6.8,2.2,04/05,18.7,c/croshau01.html,9.5,-0.5,0.515,-0.3,73,29,0.2,croshau01,1827,12.2,4.1,8260000
0.0,,0.1,0.115,C,Eddy Curry,CHI,1.5,15.8,0.583,0.6,13.6,2.4,,16.3,7.2,2.8,04/05,25.5,c/curryed01.html,4.1,-1.9,0.43,-1.9,63,22,0.0,curryed01,1808,10.5,4.3,3896402
0.0,,0.0,0.057,SF,Michael Curry,IND,0.1,13.3,0.461,1.1,9.0,1.2,,5.1,3.9,0.2,04/05,7.2,c/currymi01.html,9.7,-3.7,0.276,-2.5,18,36,1.2,currymi01,249,6.5,0.3,845122
0.0,,0.2,0.10400000000000001,C,Samuel Dalembert,PHI,0.8,17.4,0.5429999999999999,1.3,22.6,5.3,,14.4,11.6,3.1,04/05,16.3,d/dalemsa01.html,3.3,-3.7,0.31,-1.5,72,23,2.2,dalemsa01,1785,17.1,3.9,1599549
0.111,,-0.1,-0.061,SF,Erik Daniels,SAC,-0.1,25.0,0.361,1.4,17.1,0.0,,4.6,10.9,0.1,04/05,14.8,d/danieer01.html,7.7,-6.7,0.0,-7.9,21,22,-1.2,danieer01,72,14.0,-0.1,385277
0.069,,1.0,0.086,SG,Marquis Daniels,DAL,0.7,13.3,0.484,3.0,10.0,0.7,,14.6,7.0,1.9,04/05,20.6,d/daniema01.html,14.6,-0.3,0.264,0.9,60,24,1.2,daniema01,1412,8.6,2.5,4903000
0.0,,0.9,0.10099999999999999,PF,Antonio Davis,CHI,0.9,16.5,0.516,0.8,16.6,1.7,,11.1,9.3,3.0,04/05,14.1,d/davisan01.html,7.1,-2.7,0.363,-0.2,72,36,2.5,davisan01,1843,13.0,3.9,12925000
0.47100000000000003,,2.7,0.132,PG,Baron Davis,TOT,2.8,13.2,0.515,2.7,10.6,0.7,,20.8,2.2,1.5,04/05,28.2,d/davisba01.html,42.0,5.8,0.32299999999999995,4.7,46,25,-1.0,davisba01,1581,6.2,4.4,12330000
0.0,,0.9,0.126,C,Dale Davis,TOT,1.6,13.4,0.512,1.3,19.8,3.7,,13.4,13.3,1.8,04/05,11.3,d/davisda01.html,5.8,-1.8,0.423,0.8,61,35,2.7,davisda01,1307,16.5,3.4,10068750
0.47700000000000004,,-0.1,0.079,PF,Josh Davis,PHI,0.2,11.2,0.494,1.2,17.4,1.0,,11.4,9.8,0.4,04/05,18.0,d/davisjo02.html,6.0,-1.9,0.153,-3.7,42,24,-1.8,davisjo02,328,13.5,0.5,620046
0.17300000000000001,,0.6,0.07400000000000001,SG,Ricky Davis,BOS,2.5,14.6,0.547,1.7,7.8,0.8,,15.0,2.9,1.7,04/05,23.4,d/davisri01.html,15.5,0.3,0.337,-1.1,82,25,-1.4,davisri01,2696,5.4,4.2,5455200
0.0,,0.0,0.061,C,Andrew DeClercq,ORL,0.0,8.8,0.436,2.1,6.8,0.0,,5.6,16.2,0.0,04/05,10.1,d/declean01.html,0.0,-2.7,0.33299999999999996,-6.0,8,31,-3.4,declean01,49,11.4,0.1,2500000
0.299,,0.0,0.048,SG,Carlos Delfino,DET,-0.3,14.6,0.431,2.6,10.6,1.0,,8.6,3.3,0.8,04/05,16.1,d/delfica01.html,13.3,-3.5,0.342,-2.3,30,22,1.2,delfica01,459,7.0,0.5,901920
0.342,,-0.1,0.07400000000000001,SG,Tony Delk,ATL,1.8,7.7,0.512,1.8,9.3,0.2,,15.1,2.3,0.3,04/05,23.6,d/delkto01.html,13.9,1.2,0.23,-2.3,56,31,-3.6,delkto01,1340,5.6,2.1,2700000
0.18100000000000002,,1.1,0.086,SF,Luol Deng,CHI,0.1,14.1,0.496,1.5,15.4,1.2,,14.2,6.2,2.9,04/05,22.4,d/denglu01.html,14.8,-1.2,0.251,0.6,61,19,1.8,denglu01,1663,10.8,3.0,2273400
0.17,,-0.5,0.005,SG,Boris Diaw,ATL,-0.3,21.0,0.479,1.6,11.8,1.2,,10.0,5.0,0.4,04/05,15.5,d/diawbo01.html,19.5,-2.8,0.262,-3.8,66,22,-1.0,diawbo01,1201,8.2,0.1,1097640
0.324,,0.9,0.079,PG,Dan Dickau,TOT,2.2,14.5,0.518,2.0,8.6,0.2,,14.9,1.9,1.3,04/05,22.3,d/dickada01.html,31.0,1.5,0.302,-0.3,71,26,-1.8,dickada01,2090,5.1,3.5,893400
0.643,,-0.1,0.036000000000000004,SF,Kaniel Dickens,NJN,0.0,11.8,0.43700000000000006,1.8,12.0,1.3,,6.7,5.8,0.1,04/05,13.0,d/dickeka01.html,2.6,-4.5,0.14300000000000002,-5.3,11,26,-0.8,dickeka01,61,8.9,0.0,483938
0.028999999999999998,,-0.1,-0.006,C,DeSagana Diop,CLE,-0.5,14.4,0.281,1.4,15.8,6.6,,6.3,11.3,0.4,04/05,12.3,d/diopde01.html,7.1,-6.4,0.07200000000000001,-3.0,39,23,3.3,diopde01,306,13.5,0.0,2695164
0.32899999999999996,,0.0,0.08900000000000001,SG,Juan Dixon,WAS,1.3,12.2,0.518,2.1,9.6,0.3,,15.2,3.3,0.7,04/05,23.1,d/dixonju01.html,18.4,0.4,0.217,-2.1,63,26,-2.6,dixonju01,1054,6.3,2.0,1348200
0.217,,-0.5,0.061,PG,Keyon Dooling,MIA,0.2,14.2,0.486,1.7,7.5,0.7,,10.1,1.1,1.3,04/05,18.0,d/doolike01.html,17.0,-2.6,0.316,-3.7,74,24,-1.1,doolike01,1184,4.4,1.5,745046
0.5429999999999999,,0.8,0.09,PG,Chris Duhon,CHI,0.8,18.7,0.47100000000000003,2.0,9.7,0.1,,9.8,1.2,3.3,04/05,13.1,d/duhonch01.html,28.6,-1.2,0.13699999999999998,-0.5,82,22,0.8,duhonch01,2177,5.5,4.1,385277
0.009000000000000001,,4.7,0.245,PF,Tim Duncan,SAS,5.5,9.3,0.54,1.1,28.2,5.7,,27.0,10.7,5.7,04/05,28.9,d/duncati01.html,16.1,1.9,0.43700000000000006,6.4,66,28,4.5,duncati01,2203,19.4,11.2,14260641
0.305,,1.5,0.091,SF,Mike Dunleavy,GSW,2.7,11.9,0.539,1.6,15.0,0.7,,14.5,3.9,2.2,04/05,19.1,d/dunlemi02.html,13.1,0.2,0.19,0.3,79,24,0.1,dunlemi02,2570,9.2,4.9,3565080
0.016,,-0.1,0.10400000000000001,SF,Ronald Dupree,DET,0.4,13.0,0.515,0.8,15.0,1.6,,11.8,8.5,0.7,04/05,16.9,d/duprero01.html,8.7,-2.9,0.37,-2.9,47,24,0.0,duprero01,472,11.8,1.0,620046
0.0,,-0.1,0.026000000000000002,C,Corsley Edwards,NOH,0.0,5.2,0.37200000000000005,1.5,14.6,2.9,,8.6,12.4,0.1,04/05,16.2,e/edwarco01.html,4.6,-5.1,0.387,-5.2,10,25,-0.2,edwarco01,110,13.5,0.1,319498
0.0,,-0.2,-0.035,C,John Edwards,IND,-0.2,18.1,0.401,1.2,9.3,2.2,,5.1,7.0,0.1,04/05,15.2,e/edwarjo01.html,3.7,-6.9,0.467,-7.0,25,23,-0.1,edwarjo01,139,8.2,-0.1,385277
0.254,,-1.2,0.0,PG,Howard Eisley,UTA,-0.4,20.1,0.47,1.7,6.7,0.5,,9.3,1.3,0.4,04/05,17.8,e/eisleho01.html,29.1,-2.2,0.205,-5.3,74,32,-3.0,eisleho01,1428,3.9,0.0,1100000
0.0,,-0.6,0.004,PF,Melvin Ely,CHA,-1.1,15.7,0.465,1.0,13.5,3.1,,10.5,9.3,1.2,04/05,19.7,e/elyme01.html,7.6,-3.7,0.40299999999999997,-3.3,79,26,0.3,elyme01,1649,11.3,0.1,1742400
0.22,,-0.2,0.081,SG,Maurice Evans,SAC,1.5,7.7,0.511,1.5,10.2,0.5,,12.1,8.0,0.6,04/05,15.9,e/evansma01.html,5.4,-0.8,0.209,-2.6,65,26,-1.8,evansma01,1233,9.1,2.1,695046
0.006999999999999999,,0.9,0.096,PF,Reggie Evans,SEA,1.5,21.6,0.512,1.7,31.2,0.6,,13.0,16.6,2.3,04/05,11.8,e/evansre01.html,4.7,-1.3,0.851,-0.2,79,24,1.1,evansre01,1881,23.9,3.8,880000
0.314,,1.8,0.11199999999999999,SG,Michael Finley,DAL,3.6,5.8,0.519,1.1,10.1,0.6,,14.3,2.2,1.9,04/05,19.5,f/finlemi01.html,11.7,1.7,0.15,1.0,64,31,-0.7,finlemi01,2358,6.2,5.5,14609375
0.385,,0.6,0.08,PG,Derek Fisher,GSW,2.3,13.3,0.519,1.8,9.2,0.1,,13.4,1.8,1.4,04/05,19.4,f/fishede01.html,21.6,0.3,0.26899999999999996,-1.0,74,30,-1.3,fishede01,2222,5.3,3.7,4903000
0.021,,-0.3,0.023,PF,Marcus Fizer,MIL,-0.2,15.7,0.498,1.5,19.2,1.1,,11.6,3.7,0.7,04/05,20.2,f/fizerma01.html,11.8,-3.4,0.353,-3.5,54,26,-0.2,fizerma01,903,11.4,0.4,735960
0.345,,-0.1,-0.02,PG,Luis Flores,TOT,-0.1,26.9,0.586,1.3,3.0,0.0,,10.1,1.5,0.0,04/05,23.5,f/florelu01.html,24.5,-3.7,0.069,-9.6,16,23,-5.8,florelu01,77,2.2,0.0,385277
0.0,,-0.2,0.19699999999999998,C,Danny Fortson,SEA,3.6,21.1,0.682,0.8,22.2,0.5,,17.0,18.4,0.7,04/05,19.0,f/fortsda01.html,1.2,0.7,1.1420000000000001,-2.9,62,28,-3.6,fortsda01,1047,20.3,4.3,5818136
0.015,,1.0,0.162,C,Jeff Foster,IND,2.9,12.5,0.551,1.6,25.4,0.6,,15.4,15.6,2.5,04/05,13.3,f/fosteje01.html,4.8,-0.4,0.43799999999999994,0.6,61,28,0.9,fosteje01,1594,20.6,5.4,4500000
0.17600000000000002,,-0.1,-0.027999999999999997,SF,Tremaine Fowlkes,IND,-0.1,21.9,0.531,2.0,10.5,0.0,,7.5,6.5,0.1,04/05,19.6,f/fowlktr01.html,0.0,-6.2,0.11800000000000001,-9.9,8,28,-3.7,fowlktr01,56,8.5,0.0,79029
0.0,,1.0,0.096,C,Adonal Foyle,GSW,1.2,14.5,0.514,0.8,17.7,6.7,,12.7,10.1,2.2,04/05,10.4,f/foylead01.html,4.9,-3.4,0.23199999999999998,0.4,78,29,3.8,foylead01,1700,13.7,3.4,6500000
0.5710000000000001,,0.1,0.09699999999999999,SG,Richie Frahm,POR,0.7,8.5,0.5429999999999999,1.6,9.8,0.6,,12.4,4.1,0.3,04/05,15.2,f/frahmri01.html,9.7,0.5,0.179,-1.5,43,27,-2.0,frahmri01,499,7.1,1.0,695046
0.095,,3.2,0.1,PG,Steve Francis,ORL,3.9,16.6,0.521,1.9,12.0,0.7,,18.9,4.8,2.3,04/05,28.0,f/francst01.html,31.6,2.4,0.456,2.2,78,27,-0.2,francst01,2978,8.5,6.2,12330000
0.34600000000000003,,-0.1,-0.018000000000000002,SG,Alex Garcia,NOH,-0.1,13.0,0.409,1.5,6.8,0.6,,8.4,5.5,0.1,04/05,19.7,g/garcial01.html,22.1,-2.5,0.077,-4.5,8,24,-2.1,garcial01,146,6.1,-0.1,620046
0.018000000000000002,,9.3,0.248,PF,Kevin Garnett,MIN,10.1,12.2,0.5670000000000001,2.1,30.2,2.6,,28.2,9.5,6.0,04/05,27.1,g/garneke01.html,27.1,5.3,0.40399999999999997,9.7,82,28,4.4,garneke01,3121,20.3,16.1,16000000
0.48,,-0.5,0.054000000000000006,PF,Pat Garrity,ORL,0.5,8.6,0.505,1.0,11.9,0.7,,9.1,2.5,0.5,04/05,16.0,g/garripa01.html,4.9,-1.5,0.10800000000000001,-4.0,71,28,-2.4,garripa01,955,7.3,1.1,2937500
0.009000000000000001,,2.6,0.184,PF,Pau Gasol,MEM,4.1,13.8,0.5820000000000001,1.1,18.7,4.1,,22.5,8.7,2.8,04/05,26.2,g/gasolpa01.html,14.7,1.6,0.528,3.8,56,24,2.2,gasolpa01,1790,13.7,6.8,4318481
0.5579999999999999,,-0.1,0.040999999999999995,SF,Devean George,LAL,0.2,9.6,0.488,1.4,14.6,0.5,,10.7,4.8,0.1,04/05,18.4,g/georgde01.html,7.5,-0.7,0.192,-3.2,15,27,-2.4,georgde01,306,9.8,0.3,4546000
0.483,,0.2,0.053,PG,Eddie Gill,IND,-0.3,17.8,0.484,3.2,11.0,0.4,,9.5,1.9,1.4,04/05,15.8,g/gilled01.html,13.8,-2.2,0.335,-1.3,73,26,0.9,gilled01,1021,6.5,1.1,720046
0.113,,0.1,0.079,SG,Kendall Gill,MIL,0.3,9.2,0.479,2.6,10.8,1.0,,12.2,4.5,0.2,04/05,15.7,g/gillke01.html,14.9,-0.7,0.25,-0.2,14,36,0.5,gillke01,284,7.6,0.5,912195
0.331,,5.0,0.24,SG,Manu Ginobili,SAS,6.4,15.0,0.609,2.9,13.6,0.9,,22.3,4.0,4.6,04/05,24.3,g/ginobma01.html,23.0,4.8,0.5670000000000001,7.0,74,27,2.2,ginobma01,2193,8.8,11.0,6603500
0.166,,-0.3,0.053,SG,Gordan Giricek,UTA,1.1,11.5,0.516,1.5,12.1,0.6,,12.9,1.8,0.7,04/05,21.7,g/giricgo01.html,15.2,-0.8,0.217,-2.8,81,27,-2.0,giricgo01,1660,6.8,1.8,4000000
0.588,,0.3,0.138,PG,Anthony Goldwire,TOT,1.3,9.1,0.575,1.5,10.8,0.0,,15.1,2.2,0.2,04/05,14.0,g/goldwan01.html,22.7,2.4,0.228,0.0,33,33,-2.4,goldwan01,537,6.4,1.5,116713
0.03,,1.8,0.163,PF,Drew Gooden,CLE,4.7,11.0,0.5479999999999999,1.6,26.1,2.2,,19.7,9.5,3.8,04/05,21.7,g/goodedr01.html,9.1,0.2,0.32899999999999996,0.9,82,23,0.7,goodedr01,2523,17.6,8.5,3214080
0.0,,-0.2,0.068,C,Brian Grant,LAL,1.2,15.0,0.539,1.1,15.4,1.5,,10.0,10.1,0.4,04/05,11.4,g/grantbr01.html,4.7,-2.2,0.37799999999999995,-2.6,69,32,-0.4,grantbr01,1136,12.8,1.6,13233434
0.248,,-0.9,0.006999999999999999,SG,Willie Green,PHI,-0.9,13.6,0.457,1.6,11.9,0.4,,9.6,2.3,1.1,04/05,23.0,g/greenwi01.html,15.7,-3.8,0.29600000000000004,-5.3,57,23,-1.5,greenwi01,1066,7.0,0.1,620046
0.055999999999999994,,0.4,0.095,SF,Adrian Griffin,CHI,-0.1,14.3,0.419,3.3,15.7,0.4,,10.7,8.8,1.4,04/05,14.1,g/griffad01.html,12.6,-3.2,0.273,0.3,69,30,3.6,griffad01,667,12.2,1.3,870046
0.391,,0.7,0.102,PF,Eddie Griffin,MIN,0.8,9.0,0.474,0.8,23.8,5.7,,15.9,10.3,2.4,04/05,19.0,g/griffed01.html,5.6,-1.4,0.149,-0.1,70,22,1.3,griffed01,1492,17.3,3.2,695046
0.026000000000000002,,-0.2,-0.081,PF,Marcus Haislip,IND,-0.3,12.3,0.373,1.0,11.1,1.4,,4.0,5.7,0.1,04/05,22.1,h/haislma01.html,5.2,-8.1,0.289,-9.9,9,24,-1.9,haislma01,106,8.4,-0.2,576380
0.102,,1.8,0.121,SG,Richard Hamilton,DET,3.9,13.9,0.528,1.4,8.8,0.3,,16.0,3.0,3.5,04/05,25.1,h/hamilri01.html,23.5,0.9,0.37,0.4,76,26,-0.5,hamilri01,2926,5.9,7.4,7812500
0.0,,-0.1,0.038,C,Zendon Hamilton,MIL,0.0,18.4,0.48,1.7,17.9,0.9,,10.4,13.2,0.1,04/05,18.6,h/hamilze01.html,5.5,-3.4,1.5,-4.4,16,29,-1.0,hamilze01,159,15.5,0.1,807546
0.192,,-0.3,0.009000000000000001,SF,Anfernee Hardaway,NYK,-0.2,15.1,0.48,1.7,9.3,0.3,,9.0,2.5,0.4,04/05,16.9,h/hardaan01.html,13.2,-2.5,0.177,-3.3,37,33,-0.8,hardaan01,894,5.8,0.2,14625000
0.05,,1.8,0.102,SF,Matt Harpring,UTA,4.2,11.8,0.5489999999999999,1.5,14.0,0.5,,15.5,9.2,1.2,04/05,20.1,h/harprma01.html,9.9,1.4,0.368,0.7,78,28,-0.7,harprma01,2584,11.5,5.5,4690000
0.075,,0.4,0.03,SF,Al Harrington,ATL,0.6,15.2,0.508,1.8,15.2,0.5,,14.4,6.3,1.0,04/05,23.6,h/harrial01.html,14.5,-0.5,0.35600000000000004,-1.3,66,24,-0.8,harrial01,2550,10.5,1.6,6325000
0.0,,0.4,0.135,PF,Othella Harrington,CHI,1.5,14.3,0.5589999999999999,1.0,16.3,1.1,,14.5,9.4,2.1,04/05,20.6,h/harriot01.html,8.0,-1.5,0.41700000000000004,-0.8,70,31,0.7,harriot01,1271,12.8,3.6,3150000
0.358,,0.9,0.111,PG,Devin Harris,DAL,1.1,16.6,0.53,3.4,6.9,1.2,,14.7,2.7,1.6,04/05,18.8,h/harride01.html,22.5,0.9,0.281,1.1,76,21,0.3,harride01,1173,4.9,2.7,2741880
0.0,,0.1,0.09,C,David Harrison,IND,0.3,19.1,0.589,1.2,13.4,5.5,,12.9,7.7,1.1,04/05,17.5,h/harrida01.html,3.2,-3.2,0.495,-1.3,43,22,1.9,harrida01,760,10.6,1.4,835560
0.023,,0.1,0.063,SG,Trenton Hassell,MIN,1.7,10.9,0.515,0.8,7.4,1.0,,9.3,4.6,1.0,04/05,13.2,h/hassetr01.html,9.4,-1.6,0.24,-1.8,82,25,-0.2,hassetr01,2068,6.0,2.7,4350000
0.0,,1.4,0.134,C,Brendan Haywood,WAS,3.2,15.1,0.588,1.4,16.4,4.5,,16.5,11.8,2.0,04/05,14.9,h/haywobr01.html,4.9,-0.5,0.611,1.0,68,25,1.5,haywobr01,1865,14.0,5.2,1735305
0.009000000000000001,,0.5,0.122,PF,Alan Henderson,DAL,1.5,16.2,0.539,1.2,16.8,2.3,,12.4,15.6,1.5,04/05,11.3,h/hendeal01.html,2.6,-0.9,0.345,-0.3,78,32,0.6,hendeal01,1203,16.2,3.1,8273125
0.005,,0.9,0.11800000000000001,C,Nene Hilario,DEN,1.2,16.4,0.551,1.9,19.2,2.7,,15.6,9.2,2.1,04/05,19.4,h/hilarne01.html,10.3,-1.2,0.5489999999999999,0.6,55,22,1.8,hilarne01,1317,14.2,3.2,2260280
0.013000000000000001,,2.1,0.136,SF,Grant Hill,ORL,4.7,12.1,0.565,2.1,11.4,0.9,,20.0,3.7,1.9,04/05,24.8,h/hillgr01.html,17.1,2.0,0.336,1.6,67,32,-0.4,hillgr01,2338,7.6,6.6,14487000
0.364,,3.7,0.124,PG,Kirk Hinrich,CHI,2.5,12.6,0.495,2.3,10.8,0.6,,15.3,1.3,4.7,04/05,22.3,h/hinriki01.html,31.5,1.9,0.193,3.3,77,24,1.3,hinriki01,2800,6.1,7.2,2349840
0.511,,1.7,0.196,SG,Fred Hoiberg,MIN,3.9,5.7,0.664,2.1,12.8,0.8,,16.7,3.0,1.3,04/05,12.7,h/hoibefr01.html,10.1,3.0,0.359,3.2,76,32,0.2,hoibefr01,1272,8.1,5.2,1600000
0.265,,0.2,0.09699999999999999,PG-SG,Eddie House,TOT,1.2,8.5,0.525,2.6,8.6,0.5,,15.8,2.0,0.6,04/05,20.6,h/houseed01.html,17.9,0.6,0.07400000000000001,-1.3,68,26,-1.9,houseed01,891,5.2,1.8,563327
0.39,,-0.2,0.064,SG,Allan Houston,NYK,0.7,8.6,0.529,0.8,4.2,0.3,,12.5,0.9,0.0,04/05,21.0,h/houstal01.html,13.4,0.5,0.21,-3.5,20,33,-4.0,houstal01,532,2.5,0.7,17531250
0.003,,2.0,0.131,PF,Dwight Howard,ORL,3.8,16.1,0.5710000000000001,1.5,22.2,3.6,,17.2,12.2,3.5,04/05,16.7,h/howardw01.html,4.4,-0.5,0.61,1.0,82,19,1.5,howardw01,2670,17.3,7.3,4179720
0.145,,2.8,0.126,SF,Josh Howard,DAL,3.0,12.0,0.535,2.5,14.1,1.5,,15.8,7.9,3.4,04/05,18.6,h/howarjo01.html,7.2,0.8,0.293,2.5,76,24,1.7,howarjo01,2446,11.1,6.4,863640
0.002,,0.3,0.094,PF,Juwan Howard,HOU,1.0,11.8,0.494,1.1,15.4,0.2,,13.0,9.3,2.2,04/05,19.5,h/howarju01.html,10.2,-1.8,0.213,-1.2,61,31,0.6,howarju01,1624,12.4,3.2,5408700
0.389,,-0.9,0.036000000000000004,PG,Troy Hudson,MIN,0.7,13.8,0.491,0.8,5.4,0.2,,12.1,1.3,0.6,04/05,21.9,h/hudsotr01.html,26.5,-0.2,0.136,-4.0,79,28,-3.8,hudsotr01,1729,3.5,1.3,4903000
0.192,,3.6,0.157,SG,Larry Hughes,WAS,4.6,10.6,0.523,3.8,15.2,0.6,,21.6,3.4,3.1,04/05,26.6,h/hughela01.html,21.9,3.1,0.41700000000000004,4.1,61,26,1.0,hughela01,2358,9.1,7.7,5455200
0.021,,-0.7,-0.019,PF,Kris Humphries,UTA,-1.0,13.6,0.419,1.6,18.1,1.7,,9.5,10.1,0.7,04/05,20.2,h/humphkr01.html,8.5,-4.3,0.35200000000000004,-5.0,67,19,-0.7,humphkr01,873,14.0,-0.3,1481400
0.0,,-0.3,0.036000000000000004,PF,Brandon Hunter,ORL,-0.1,19.6,0.527,0.9,21.7,2.2,,12.2,12.7,0.2,04/05,21.9,h/huntebr01.html,2.2,-5.0,0.534,-8.1,31,24,-3.1,huntebr01,224,17.3,0.2,620046
0.278,,0.2,0.057999999999999996,SG,Lindsey Hunter,DET,-0.6,17.2,0.435,3.3,8.6,0.9,,9.6,3.9,2.0,04/05,16.2,h/hunteli01.html,18.3,-2.8,0.192,-1.3,76,34,1.6,hunteli01,1144,6.3,1.4,1600000
0.006999999999999999,,2.0,0.149,C,Zydrunas Ilgauskas,CLE,4.8,13.7,0.55,1.1,17.2,4.7,,19.5,13.2,3.3,04/05,24.1,i/ilgauzy01.html,6.6,0.3,0.514,1.0,78,29,0.7,ilgauzy01,2615,15.2,8.1,14625000
0.0,,-0.1,-0.028999999999999998,C,Didier Ilunga-Mbenga,DAL,-0.1,24.1,0.47600000000000003,0.0,9.4,6.4,,3.8,5.9,0.1,04/05,16.0,m/mbengdj01.html,0.0,-8.1,0.28600000000000003,-8.8,15,24,-0.7,mbengdj01,58,7.7,0.0,800000
0.045,,-0.6,0.009000000000000001,PG,Royal Ivey,ATL,-0.2,20.3,0.484,2.5,9.9,0.7,,8.9,2.6,0.4,04/05,15.8,i/iveyro01.html,20.0,-3.8,0.33799999999999997,-5.0,62,23,-1.3,iveyro01,809,6.0,0.2,425000
0.376,,0.2,0.126,SG,Bobby Jackson,SAC,1.1,9.1,0.537,1.3,12.9,0.3,,18.0,4.8,0.3,04/05,25.6,j/jacksbo01.html,18.2,2.7,0.22699999999999998,-0.2,25,31,-2.9,jacksbo01,536,8.9,1.4,3150000
0.507,,1.1,0.077,SF,Jim Jackson,TOT,1.4,15.9,0.5529999999999999,0.9,12.7,0.2,,10.9,1.9,1.8,04/05,16.5,j/jacksji01.html,14.1,0.3,0.1,0.3,64,34,0.0,jacksji01,1987,7.5,3.2,2420000
0.222,,-0.1,0.085,SF,Luke Jackson,CLE,0.1,6.3,0.489,0.0,11.2,0.0,,16.3,5.4,0.0,04/05,33.3,j/jackslu02.html,13.4,0.0,0.222,-6.7,10,23,-6.7,jackslu02,43,8.2,0.1,1818720
0.003,,-0.6,0.111,C,Marc Jackson,PHI,2.9,12.9,0.5479999999999999,0.8,12.8,0.7,,15.9,10.4,1.7,04/05,22.7,j/jacksma02.html,7.2,-1.4,0.47700000000000004,-3.1,81,30,-1.7,jacksma02,1976,11.6,4.6,4225000
0.434,,0.0,0.071,SG-SF,Casey Jacobsen,TOT,2.0,12.6,0.555,1.0,8.5,0.3,,10.3,2.2,0.7,04/05,14.2,j/jacobca01.html,9.9,-0.7,0.47100000000000003,-2.0,84,23,-1.3,jacobca01,1798,5.3,2.7,1082160
0.006,,0.1,0.044000000000000004,C,Jerome James,SEA,0.0,19.2,0.5329999999999999,0.9,14.7,6.5,,10.0,7.5,1.3,04/05,15.9,j/jamesje01.html,2.4,-3.7,0.19,-1.8,80,29,1.9,jamesje01,1330,11.1,1.2,5455200
0.183,,8.8,0.203,SF,LeBron James,CLE,9.7,11.8,0.5539999999999999,2.8,17.0,1.1,,25.7,3.8,4.6,04/05,29.7,j/jamesle01.html,32.9,6.9,0.37799999999999995,8.3,80,20,1.5,jamesle01,3388,10.2,14.3,4320360
0.345,,1.6,0.11,PG,Mike James,TOT,2.8,11.5,0.534,1.9,10.8,0.2,,16.6,2.2,1.5,04/05,22.8,j/jamesmi01.html,25.2,2.6,0.193,1.3,74,29,-1.3,jamesmi01,1859,6.6,4.3,3100000
0.175,,0.5,0.1,PF,Antawn Jamison,WAS,3.8,8.2,0.506,1.1,16.1,0.5,,16.9,6.7,1.7,04/05,24.1,j/jamisan01.html,10.7,0.6,0.249,-1.2,68,28,-1.8,jamisan01,2605,11.2,5.4,12584688
0.33,,1.1,0.08,PG,Marko Jaric,LAC,1.1,16.6,0.5,2.7,9.9,0.8,,13.9,1.5,1.7,04/05,16.5,j/jaricma01.html,29.7,0.7,0.179,0.6,50,26,-0.1,jaricma01,1656,5.8,2.8,2100000
0.008,,-0.2,0.12300000000000001,PF,Al Jefferson,BOS,1.3,13.3,0.5539999999999999,1.1,21.0,3.9,,16.6,13.5,1.4,04/05,21.2,j/jeffeal01.html,3.9,-1.7,0.366,-2.7,71,20,-0.9,jeffeal01,1051,17.3,2.7,1407240
0.158,,0.7,0.086,SF,Richard Jefferson,NJN,0.6,16.2,0.537,1.3,17.2,1.0,,16.6,4.3,1.8,04/05,28.2,j/jefferi01.html,19.0,-0.1,0.47700000000000004,0.1,33,24,0.3,jefferi01,1355,10.7,2.4,2266794
0.11800000000000001,,0.7,0.063,SF,Jared Jeffries,WAS,1.1,18.3,0.513,1.7,12.9,1.3,,11.2,8.2,1.5,04/05,13.6,j/jeffrja01.html,11.6,-1.4,0.39899999999999997,-0.7,77,23,0.7,jeffrja01,2007,10.5,2.6,1834080
0.182,,-0.1,-0.087,SF,Britton Johnsen,IND,-0.2,12.0,0.273,0.6,6.7,0.0,,0.4,7.0,0.0,04/05,13.8,j/johnsbr01.html,7.6,-6.7,0.0,-8.0,6,25,-1.4,johnsbr01,87,6.9,-0.2,45369
0.237,,0.9,0.11,PG,Anthony Johnson,IND,2.2,16.0,0.526,1.9,9.9,0.7,,14.3,2.2,1.8,04/05,16.5,j/johnsan02.html,31.2,0.4,0.248,0.1,63,30,-0.3,johnsan02,1747,6.1,4.0,2200000
0.39899999999999997,,0.7,0.12300000000000001,SG,DerMarr Johnson,DEN,1.9,13.5,0.605,1.8,10.0,1.1,,14.0,4.0,1.3,04/05,17.4,j/johnsde03.html,9.8,1.0,0.272,0.3,71,24,-0.7,johnsde03,1232,7.1,3.2,745046
0.019,,-0.1,0.091,C,Ervin Johnson,MIN,0.3,21.7,0.562,0.9,18.7,2.3,,8.3,12.5,0.5,04/05,9.4,j/johnser02.html,2.1,-3.2,0.46299999999999997,-3.0,46,37,0.1,johnser02,410,15.7,0.8,4837633
0.5,,0.0,-0.122,SF,Linton Johnson,SAS,-0.1,33.3,0.0,3.6,23.4,0.0,,-3.4,0.0,0.0,04/05,9.3,j/johnsli01.html,0.0,-13.4,0.0,-11.5,2,24,1.9,johnsli01,15,11.7,0.0,620046
0.316,,-0.3,0.066,SG,Dahntay Jones,MEM,0.2,11.7,0.534,1.1,10.7,1.3,,9.6,2.0,0.6,04/05,18.0,j/jonesda02.html,5.5,-2.6,0.337,-3.8,52,24,-1.2,jonesda02,649,6.4,0.9,1143360
0.718,,2.9,0.162,PG,Damon Jones,MIA,6.5,11.4,0.625,0.9,9.5,0.1,,15.5,0.7,2.3,04/05,15.6,j/jonesda01.html,21.0,4.1,0.11800000000000001,2.5,82,28,-1.7,jonesda01,2576,5.2,8.7,2503000
0.522,,0.5,0.09,SF,James Jones,IND,1.1,11.1,0.537,1.3,11.9,1.6,,10.5,3.6,1.4,04/05,14.0,j/jonesja02.html,7.4,-0.8,0.195,-0.6,75,24,0.2,jonesja02,1330,7.8,2.5,620046
0.537,,0.8,0.09699999999999999,SF,Jumaine Jones,LAL,2.8,8.6,0.556,1.3,17.8,1.0,,13.1,6.6,0.8,04/05,14.0,j/jonesju01.html,5.8,0.7,0.154,-0.4,76,25,-1.0,jonesju01,1830,12.3,3.7,1687500
0.002,,0.2,0.061,C,Chris Kaman,LAC,0.2,17.3,0.522,0.9,20.5,3.1,,13.1,10.2,1.9,04/05,18.8,k/kamanch01.html,7.7,-2.3,0.244,-1.5,63,22,0.8,kamanch01,1632,15.6,2.1,2574240
0.289,,-0.7,0.043,SF,Jason Kapono,CHA,0.6,6.1,0.486,1.4,10.7,0.3,,11.8,2.3,0.7,04/05,22.4,k/kaponja01.html,7.3,-1.1,0.127,-3.9,81,23,-2.9,kaponja01,1491,6.3,1.3,620046
0.08900000000000001,,-0.2,0.024,SF,Viktor Khryapa,POR,-0.3,18.8,0.474,2.0,17.0,2.4,,9.0,6.4,0.6,04/05,15.4,k/khryavi01.html,7.6,-4.3,0.33899999999999997,-3.3,32,22,1.0,khryavi01,523,11.9,0.3,1019400
0.419,,4.6,0.14300000000000002,PG,Jason Kidd,NJN,3.1,15.1,0.506,2.7,19.8,0.3,,19.5,4.6,4.2,04/05,21.3,k/kiddja01.html,40.6,3.6,0.225,5.6,66,31,2.0,kiddja01,2435,12.1,7.2,14796000
0.183,,3.8,0.19699999999999998,PF,Andrei Kirilenko,UTA,3.5,14.4,0.599,2.7,15.7,8.5,,24.4,8.0,2.0,04/05,21.3,k/kirilan01.html,17.4,3.8,0.617,9.1,41,23,5.3,kirilan01,1349,11.7,5.5,1671694
0.28800000000000003,,-0.1,0.04,SG,Kerry Kittles,LAC,0.0,8.3,0.446,1.8,14.9,0.9,,10.0,0.5,0.2,04/05,16.1,k/kittlke01.html,13.4,-2.5,0.13699999999999998,-2.9,11,30,-0.4,kittlke01,243,7.9,0.2,9566667
0.735,,2.9,0.11900000000000001,SF,Kyle Korver,PHI,3.3,11.7,0.588,2.0,14.5,1.0,,12.8,1.7,3.3,04/05,15.1,k/korveky01.html,11.0,1.5,0.126,2.3,82,23,0.8,korveky01,2667,8.0,6.6,620046
0.004,,0.2,0.10800000000000001,PF,Nenad Krstic,NJN,1.9,14.1,0.547,0.9,14.9,2.6,,13.4,9.7,2.5,04/05,19.0,k/krstine01.html,7.1,-2.1,0.447,-1.6,75,21,0.5,krstine01,1965,12.3,4.4,939480
0.0,,0.0,-0.348,SG,Ibo Kutluay,SEA,-0.1,66.7,0.0,0.0,10.2,0.0,,-12.9,0.0,0.0,04/05,11.6,k/kutluib01.html,0.0,-15.8,0.0,-17.1,5,30,-1.3,kutluib01,12,5.1,-0.1,1600000
0.038,,0.7,0.174,PF,Christian Laettner,MIA,1.5,12.1,0.619,2.3,14.4,1.5,,16.3,5.9,1.2,04/05,15.1,l/laettch01.html,8.8,0.3,0.321,1.6,49,35,1.3,laettch01,739,10.3,2.7,1100000
0.327,,2.5,0.165,PF,Raef LaFrentz,BOS,4.9,8.5,0.5870000000000001,1.0,20.8,3.4,,17.3,8.4,2.6,04/05,16.9,l/lafrera01.html,7.3,1.9,0.215,2.5,80,28,0.6,lafrera01,2196,14.7,7.5,9714538
0.03,,-0.7,-0.016,C,Maciej Lampe,TOT,-0.5,10.7,0.406,0.7,19.8,1.4,,7.3,7.2,0.3,04/05,18.9,l/lampema01.html,5.1,-6.9,0.16699999999999998,-8.9,37,19,-2.0,lampema01,380,13.4,-0.1,900000
0.462,,0.0,0.08199999999999999,SG,Voshon Lenard,DEN,0.0,6.3,0.491,1.0,12.7,0.0,,15.1,0.0,0.0,04/05,26.0,l/lenarvo01.html,19.0,0.6,0.308,-3.5,3,31,-4.1,lenarvo01,54,6.4,0.1,3250000
0.375,,3.3,0.15,SF,Rashard Lewis,SEA,6.9,8.8,0.5710000000000001,1.5,12.6,1.8,,19.4,5.0,1.5,04/05,24.0,l/lewisra02.html,6.5,3.8,0.24600000000000002,2.8,71,25,-1.0,lewisra02,2697,8.8,8.4,7792208
0.009000000000000001,,-0.2,0.008,PG,Shaun Livingston,LAC,-0.6,23.7,0.461,2.1,9.6,1.0,,10.4,3.3,0.7,04/05,18.0,l/livinsh01.html,29.9,-2.8,0.27399999999999997,-3.1,30,19,-0.3,livinsh01,814,6.6,0.1,3027840
0.33299999999999996,,-0.2,0.066,PG,Raul Lopez,UTA,0.4,23.9,0.5379999999999999,2.3,7.9,0.5,,12.9,1.6,0.3,04/05,17.5,l/lopezra01.html,39.3,-0.2,0.244,-3.5,31,24,-3.3,lopezra01,518,4.7,0.7,997320
0.196,,-0.1,0.0,SF,George Lynch,NOH,-0.9,22.3,0.41200000000000003,1.9,15.7,1.0,,7.9,6.7,0.9,04/05,12.8,l/lynchge01.html,15.5,-4.3,0.122,-2.6,44,34,1.6,lynchge01,933,11.0,0.0,3000000
0.0,,0.1,0.065,C,Mark Madsen,MIN,0.4,22.3,0.526,0.6,11.8,1.7,,6.9,12.5,0.4,04/05,8.3,m/madsema01.html,4.2,-2.2,0.606,-1.6,41,29,0.6,madsema01,601,12.2,0.8,745046
0.0,,-0.3,0.019,C,Jamaal Magloire,NOH,-0.4,17.3,0.48,0.6,22.1,2.6,,12.9,12.8,0.7,04/05,22.5,m/magloja01.html,7.6,-3.9,0.542,-3.9,23,26,0.0,magloja01,703,17.3,0.3,8533333
0.248,,4.4,0.171,PG,Stephon Marbury,NYK,10.4,13.1,0.575,2.0,7.1,0.1,,21.9,1.8,1.3,04/05,24.8,m/marbust01.html,36.0,5.6,0.42,3.4,82,27,-2.2,marbust01,3281,4.4,11.7,14625000
0.038,,-0.2,0.038,PF,Sean Marks,SAS,-0.3,13.2,0.41200000000000003,0.7,18.2,3.3,,8.7,8.6,0.5,04/05,20.3,m/marksse01.html,5.2,-6.6,0.35,-5.9,23,29,0.7,marksse01,244,13.4,0.2,745046
0.613,,2.5,0.17600000000000002,PF,Donyell Marshall,TOR,4.1,6.2,0.591,1.8,23.3,2.0,,19.9,6.4,1.9,04/05,18.7,m/marshdo01.html,8.4,3.8,0.154,3.9,65,31,0.2,marshdo01,1645,14.7,6.0,5023850
0.013000000000000001,,2.1,0.111,PF,Kenyon Martin,DEN,1.7,12.5,0.521,2.3,18.4,2.6,,17.5,7.4,3.6,04/05,23.4,m/martike01.html,13.0,-0.5,0.34,1.6,70,27,2.1,martike01,2272,13.0,5.3,9454546
0.214,,-0.3,0.016,PG,Kevin Martin,SAC,-0.1,14.5,0.46399999999999997,1.8,7.1,0.5,,8.7,7.1,0.2,04/05,16.1,m/martike02.html,6.8,-3.2,0.47,-5.0,45,21,-1.7,martike02,455,7.1,0.1,872040
0.006999999999999999,,0.4,0.071,SF,Desmond Mason,MIL,3.6,11.1,0.526,1.1,9.3,0.7,,14.8,3.4,0.7,04/05,23.2,m/masonde01.html,12.8,-0.1,0.486,-1.4,80,27,-1.3,masonde01,2893,6.3,4.3,6529630
0.0,,-0.4,0.078,PF,Tony Massenburg,SAS,-0.3,16.0,0.467,1.4,18.3,2.1,,8.5,9.0,1.4,04/05,16.6,m/masseto01.html,3.2,-5.4,0.34600000000000003,-4.3,61,37,1.1,masseto01,699,13.6,1.1,1100000
0.66,,0.0,0.057999999999999996,PF,Walter McCarty,TOT,0.3,12.7,0.525,1.4,13.0,1.2,,8.2,3.8,0.8,04/05,13.9,m/mccarwa01.html,6.0,-0.9,0.12300000000000001,-1.8,72,30,-0.9,mccarwa01,906,8.6,1.1,1337500
0.002,,1.0,0.154,PF,Antonio McDyess,DET,2.5,12.0,0.542,1.4,19.7,2.2,,17.2,11.6,3.3,04/05,20.3,m/mcdyean01.html,7.3,-0.8,0.321,0.2,77,30,1.0,mcdyean01,1797,15.7,5.7,4903000
0.262,,7.0,0.18,SF,Tracy McGrady,HOU,6.5,9.5,0.526,2.3,14.8,1.3,,22.9,2.7,5.4,04/05,31.2,m/mcgratr01.html,28.6,4.9,0.336,6.8,78,25,1.9,mcgratr01,3182,8.9,12.0,14487000
0.289,,-0.4,0.07400000000000001,PG,Jeff McInnis,CLE,3.0,10.6,0.495,1.1,5.7,0.0,,12.4,1.4,1.1,04/05,18.8,m/mcinnje01.html,24.1,0.4,0.175,-2.5,76,30,-3.0,mcinnje01,2651,3.5,4.1,3600000
0.43700000000000006,,0.3,0.085,SG,Aaron McKie,PHI,0.5,17.2,0.51,2.2,15.5,1.2,,8.4,2.0,1.5,04/05,7.1,m/mckieaa01.html,13.4,-3.1,0.113,-0.9,68,32,2.2,mckieaa01,1118,8.7,2.0,5500000
0.17600000000000002,,-0.4,0.009000000000000001,PG,Keith McLeod,UTA,-0.5,17.3,0.44,2.5,8.6,0.7,,10.4,1.7,0.8,04/05,19.0,m/mcleoke01.html,27.9,-1.9,0.358,-3.1,53,25,-1.2,mcleoke01,1382,5.1,0.3,750000
0.006,,-0.4,0.053,PF,Stanislav Medvedenko,LAL,0.4,7.2,0.49,1.1,12.7,0.3,,11.9,8.3,0.1,04/05,19.4,m/medvest01.html,5.4,-2.8,0.179,-6.2,43,25,-3.4,medvest01,423,10.5,0.5,3000000
0.019,,-0.4,-0.006999999999999999,SF,Ron Mercer,NJN,-0.5,7.9,0.42200000000000004,2.2,9.7,0.4,,9.4,2.7,0.5,04/05,21.2,m/mercero01.html,9.8,-5.3,0.063,-6.2,18,28,-0.8,mercero01,390,6.2,-0.1,1600000
0.004,,-0.1,0.092,C,Chris Mihm,LAL,2.5,14.2,0.552,0.4,18.3,4.2,,15.7,12.0,1.0,04/05,18.8,m/mihmch01.html,4.6,-1.7,0.467,-2.2,75,25,-0.5,mihmch01,1870,15.1,3.6,3371393
0.033,,0.4,0.036000000000000004,SF,Darius Miles,POR,-0.7,16.6,0.511,2.4,14.9,3.3,,15.5,5.0,2.0,04/05,25.7,m/milesda01.html,14.2,-2.3,0.308,-1.1,63,23,1.2,milesda01,1699,10.2,1.3,6750000
0.0,,-0.5,-0.031,C,Darko Milicic,DET,-0.6,15.6,0.387,0.4,18.3,5.1,,4.7,1.4,0.4,04/05,19.0,m/milicda01.html,4.5,-10.1,0.316,-9.1,37,19,0.9,milicda01,254,9.9,-0.2,3865440
0.044000000000000004,,2.2,0.11900000000000001,PG,Andre Miller,DEN,4.1,17.6,0.541,2.2,9.6,0.2,,16.5,4.1,2.9,04/05,19.5,m/millean02.html,32.2,1.2,0.337,1.0,82,28,-0.2,millean02,2852,6.8,7.0,7366667
0.0,,0.0,0.091,PF,Anthony Miller,ATL,0.0,25.0,0.667,5.8,13.6,0.0,,16.9,0.0,0.0,04/05,19.9,m/millean01.html,21.4,-1.3,0.0,-0.8,2,33,0.4,millean01,9,6.5,0.0,34118
0.42200000000000004,,2.9,0.14800000000000002,SF,Mike Miller,MEM,4.5,13.2,0.614,1.3,13.8,0.8,,16.7,1.9,2.6,04/05,19.8,m/millemi01.html,17.8,3.0,0.196,3.0,76,24,0.0,millemi01,2278,7.9,7.0,6000000
0.414,,1.6,0.151,SG,Reggie Miller*,IND,5.1,8.4,0.5820000000000001,1.3,7.7,0.2,,16.6,1.0,1.5,04/05,20.8,m/millere01.html,13.3,2.8,0.373,1.0,66,39,-1.8,millere01,2105,4.4,6.6,5500000
0.36700000000000005,,1.1,0.08900000000000001,SG,Cuttino Mobley,TOT,3.2,11.5,0.555,1.6,8.6,0.9,,15.0,2.1,1.2,04/05,21.4,m/moblecu01.html,12.5,1.5,0.22,-0.1,66,29,-1.6,moblecu01,2388,5.4,4.4,5884500
0.002,,0.3,0.115,C,Nazr Mohammed,TOT,2.0,13.3,0.521,1.6,20.7,3.3,,16.4,14.9,2.6,04/05,19.2,m/mohamna01.html,2.9,-1.7,0.377,-1.4,77,27,0.3,mohamna01,1933,17.8,4.6,5250000
0.055999999999999994,,-0.2,0.098,C-PF,Jerome Moiso,TOT,0.1,22.8,0.59,1.3,26.4,3.7,,12.3,9.5,0.2,04/05,11.7,m/moisoje01.html,1.3,-6.0,0.722,-7.2,20,26,-1.3,moisoje01,120,17.8,0.2,1760000
0.017,,0.1,0.106,PF,Mikki Moore,LAC,1.6,15.4,0.5710000000000001,0.9,14.7,2.1,,12.7,10.2,1.0,04/05,16.1,m/mooremi01.html,6.6,-1.1,0.474,-1.5,74,29,-0.4,mooremi01,1178,12.5,2.6,870046
0.0,,-0.2,0.08,C-PF,Alonzo Mourning*,TOT,-0.3,17.2,0.515,0.6,24.5,8.3,,15.4,9.0,1.5,04/05,22.1,m/mournal01.html,4.6,-5.9,0.665,-3.4,37,34,2.5,mournal01,702,16.8,1.2,5408700
0.156,,0.1,0.107,PF,Troy Murphy,GSW,2.6,9.0,0.495,1.1,24.2,1.0,,16.8,11.0,2.7,04/05,22.2,m/murphtr01.html,6.9,-1.0,0.337,-1.8,70,24,-0.7,murphtr01,2375,17.3,5.3,2231808
0.33899999999999997,,0.0,0.067,SF,Lamond Murray,TOR,0.5,13.5,0.537,1.8,15.1,1.3,,13.7,5.3,0.7,04/05,19.9,m/murrala01.html,8.5,-1.0,0.258,-1.8,62,31,-0.8,murrala01,918,10.1,1.3,4875000
0.0,,0.3,0.18600000000000003,C,Dikembe Mutombo*,HOU,2.0,15.4,0.575,0.7,25.9,6.5,,16.4,14.8,2.7,04/05,12.9,m/mutomdi01.html,1.3,-3.3,0.659,-1.0,80,38,2.3,mutomdi01,1212,20.5,4.7,4496434
0.05,,0.0,0.115,C,Mamadou N'Diaye,LAC,0.1,0.0,0.433,0.7,14.6,5.2,,10.6,15.5,0.1,04/05,14.8,n/ndiayma02.html,2.2,-2.3,0.35,-3.2,11,29,-0.9,ndiayma02,72,15.0,0.2,750000
0.47700000000000004,,-0.2,0.061,PF-SF,Bostjan Nachbar,TOT,0.6,13.6,0.534,1.2,14.4,1.0,,10.1,2.1,1.1,04/05,18.6,n/nachbbo01.html,9.8,-1.5,0.285,-2.6,71,24,-1.1,nachbbo01,1341,8.0,1.7,1493880
0.002,,-0.2,0.053,SF,Lee Nailon,NOH,1.3,10.5,0.511,1.0,10.4,0.6,,14.5,7.2,0.9,04/05,24.2,n/nailole01.html,11.3,-0.9,0.19,-2.5,68,29,-1.6,nailole01,2017,8.7,2.2,745046
0.065,,0.0,0.066,PF,Eduardo Najera,TOT,0.4,14.4,0.489,1.8,13.6,1.5,,11.2,9.4,1.3,04/05,15.8,n/najered01.html,8.5,-2.5,0.28300000000000003,-1.8,68,28,0.6,najered01,1185,11.5,1.6,3809524
0.225,,0.6,0.07400000000000001,PG,Jameer Nelson,ORL,1.2,14.8,0.51,2.5,9.7,0.1,,14.5,3.7,1.3,04/05,21.4,n/nelsoja01.html,24.8,0.7,0.17,-0.5,79,22,-1.3,nelsoja01,1612,6.7,2.5,1106160
0.0,,1.5,0.114,C,Rasho Nesterovic,SAS,0.5,14.1,0.46299999999999997,0.9,18.0,4.7,,12.0,12.0,3.8,04/05,13.5,n/nestera01.html,6.3,-2.7,0.07,1.4,70,28,4.1,nestera01,1785,15.0,4.2,6160000
0.125,,-0.1,0.05,SG,Ira Newble,CLE,0.6,11.8,0.48200000000000004,1.5,9.4,0.7,,8.6,4.9,1.3,04/05,12.7,n/newblir01.html,7.6,-2.3,0.163,-2.3,74,30,0.0,newblir01,1832,7.1,1.9,2704350
0.161,,-0.1,0.062,SF,Andres Nocioni,CHI,-0.9,16.2,0.484,1.0,18.6,1.3,,10.1,4.1,3.3,04/05,19.7,n/nocioan01.html,10.9,-3.9,0.369,-2.1,81,25,1.7,nocioan01,1892,11.4,2.5,2525000
0.11,,-0.4,-0.055999999999999994,PG,Moochie Norris,TOT,-0.7,18.4,0.376,2.7,11.8,0.4,,6.1,3.2,0.3,04/05,18.7,n/norrimo01.html,16.7,-5.9,0.22,-6.0,38,31,-0.1,norrimo01,360,7.5,-0.4,3850000
0.158,,5.9,0.248,PF,Dirk Nowitzki,DAL,10.3,9.1,0.578,1.7,24.0,2.9,,26.1,3.6,5.2,04/05,28.7,n/nowitdi01.html,14.3,4.0,0.49,5.7,78,26,1.7,nowitdi01,3020,14.0,15.6,12584688
0.0,,4.7,0.21100000000000002,C,Shaquille O'Neal*,MIA,6.4,12.4,0.583,0.8,22.8,5.0,,27.0,12.4,4.6,04/05,30.5,o/onealsh01.html,15.7,3.3,0.6990000000000001,5.6,73,32,2.3,onealsh01,2492,17.8,11.0,27696430
0.001,,0.1,0.07400000000000001,PF,Emeka Okafor,CHA,0.9,9.8,0.479,1.2,24.1,3.6,,16.3,11.5,3.1,04/05,21.8,o/okafoem01.html,4.3,-2.3,0.342,-1.9,73,22,0.5,okafoem01,2600,17.5,4.0,3739680
0.083,,2.3,0.147,C,Mehmet Okur,UTA,5.3,13.2,0.569,0.8,23.4,2.5,,18.9,10.2,1.8,04/05,21.3,o/okurme01.html,12.8,1.6,0.512,1.9,82,25,0.3,okurme01,2304,16.6,7.0,7500000
0.0,,-0.2,0.025,PG,Kevin Ollie,PHI,-0.1,14.6,0.4,1.6,11.5,0.0,,6.7,2.1,0.1,04/05,11.5,o/ollieke01.html,17.9,-5.8,0.29,-6.3,26,32,-0.5,ollieke01,158,6.8,0.1,2704350
0.0,,-0.6,0.048,C,Michael Olowokandi,MIN,-0.3,15.1,0.48,0.7,19.6,3.3,,10.4,10.4,1.5,04/05,17.2,o/olowomi01.html,3.7,-4.2,0.195,-4.0,62,29,0.2,olowomi01,1215,15.2,1.2,5408700
0.024,,0.0,0.064,C,Greg Ostertag,SAC,0.1,19.2,0.43200000000000005,0.6,22.5,5.1,,10.0,11.0,0.7,04/05,10.0,o/ostergr01.html,9.0,-4.2,0.452,-1.8,56,31,2.5,ostergr01,556,16.8,0.7,4000000
0.0,,0.0,0.053,PF,Bo Outlaw,PHO,0.0,17.4,0.382,1.4,17.6,3.7,,8.1,8.4,0.3,04/05,9.4,o/outlabo01.html,7.7,-4.2,0.265,-1.2,39,33,3.0,outlabo01,214,13.2,0.2,1059756
0.003,,0.5,0.099,C,Zaza Pachulia,MIL,1.6,13.9,0.526,1.7,20.9,1.8,,14.4,10.9,1.3,04/05,16.5,p/pachuza01.html,6.8,-1.3,0.523,-0.6,74,20,0.7,pachuza01,1397,15.9,2.9,620046
0.541,,0.8,0.141,PF,Scott Padgett,HOU,1.2,10.7,0.5489999999999999,1.9,16.7,0.8,,12.3,6.0,1.6,04/05,14.0,p/padgesc01.html,9.5,0.1,0.172,1.5,66,28,1.4,padgesc01,942,11.5,2.8,807546
0.302,,-0.2,-0.045,PG,Smush Parker,TOT,-0.3,28.1,0.493,1.8,6.4,0.0,,6.0,3.2,0.1,04/05,21.5,p/parkesm01.html,16.8,-5.3,0.302,-7.0,16,23,-1.7,parkesm01,144,4.8,-0.1,695046
0.14,,3.0,0.141,PG,Tony Parker,SAS,3.6,14.6,0.528,1.9,10.7,0.1,,18.0,2.0,4.5,04/05,25.1,p/parketo01.html,33.2,1.9,0.289,2.3,80,22,0.5,parketo01,2735,6.4,8.1,1545441
0.042,,1.3,0.083,SF,Ruben Patterson,POR,1.8,16.5,0.5579999999999999,2.9,8.3,0.8,,15.8,7.7,1.6,04/05,20.4,p/patteru01.html,12.4,0.4,0.469,0.6,70,29,0.3,patteru01,1957,8.1,3.4,5899400
0.17800000000000002,,1.1,0.102,PG,Gary Payton*,BOS,3.8,15.4,0.537,1.8,8.5,0.4,,15.1,2.3,1.6,04/05,17.0,p/paytoga01.html,29.2,1.0,0.27699999999999997,-0.3,77,36,-1.3,paytoga01,2541,5.4,5.4,5408700
0.433,,-0.2,0.048,SG,Anthony Peeler,WAS,0.2,15.1,0.484,1.8,11.2,0.3,,10.2,2.9,0.3,04/05,15.4,p/peelean01.html,16.7,-1.9,0.12,-3.6,40,35,-1.7,peelean01,529,6.9,0.5,1600000
0.0,,-0.2,0.065,C,Kendrick Perkins,BOS,-0.1,22.9,0.515,0.8,25.7,5.1,,11.2,11.5,0.8,04/05,15.4,p/perkike01.html,5.8,-4.7,0.48700000000000004,-3.2,60,20,1.5,perkike01,548,18.7,0.7,875400
0.39399999999999996,,0.1,0.115,SF,Wesley Person,TOT,0.9,6.8,0.57,1.5,13.7,0.5,,14.1,0.5,0.7,04/05,16.8,p/persowe01.html,9.6,0.1,0.057999999999999996,-1.2,41,33,-1.3,persowe01,667,7.2,1.6,1600000
0.519,,0.4,0.129,SG,Eric Piatkowski,CHI,1.1,11.6,0.573,1.8,8.5,0.1,,12.4,2.0,1.2,04/05,17.0,p/piatker01.html,10.3,0.1,0.217,-0.1,68,34,-0.2,piatker01,841,5.3,2.3,2750000
0.389,,0.2,0.075,SF,Mickael Pietrus,GSW,1.1,13.5,0.539,1.8,10.5,1.0,,14.2,5.0,1.0,04/05,22.5,p/pietrmi01.html,10.2,-0.1,0.40299999999999997,-1.5,67,22,-1.4,pietrmi01,1340,7.7,2.1,1785960
0.23,,-0.1,0.073,PG,Zoran Planinic,NJN,0.1,16.8,0.534,2.6,11.9,0.0,,12.5,4.4,0.7,04/05,22.2,p/planizo01.html,15.8,-1.9,0.379,-2.6,43,22,-0.7,planizo01,515,8.1,0.8,1053720
,,0.0,-0.214,C,Pavel Podkolzin,DAL,-0.1,69.4,0.568,0.0,21.9,0.0,,-12.1,0.0,0.0,04/05,12.9,p/podkopa01.html,0.0,-14.3,,-16.8,5,20,-2.5,podkopa01,10,11.2,0.0,1061880
0.0,,0.0,0.07,PF,Mark Pope,DEN,0.0,14.3,0.33299999999999996,1.9,12.7,5.6,,10.0,21.5,0.0,04/05,11.6,p/popema01.html,5.3,-3.1,0.0,-0.3,9,32,2.8,popema01,27,17.1,0.0,870046
0.011000000000000001,,0.0,0.142,C,Vitaly Potapenko,SEA,0.8,10.7,0.581,1.1,17.5,0.7,,14.5,11.0,0.2,04/05,15.5,p/potapvi01.html,4.5,-0.1,0.35600000000000004,-1.6,33,29,-1.5,potapvi01,335,14.2,1.0,6191250
0.14300000000000002,,3.4,0.149,SF,Tayshaun Prince,DET,5.4,11.1,0.556,1.0,11.5,1.8,,16.2,5.2,4.0,04/05,18.8,p/princta01.html,14.5,1.2,0.285,2.4,82,24,1.2,princta01,3039,8.4,9.4,1038960
0.21899999999999997,,-0.1,0.049,SF,Laron Profit,WAS,0.1,16.3,0.489,1.9,14.2,0.9,,11.5,6.1,0.4,04/05,16.9,p/profila01.html,14.0,-2.5,0.195,-3.3,42,27,-0.8,profila01,428,10.0,0.4,745046
0.0,,1.5,0.121,C,Joel Przybilla,POR,2.0,19.3,0.596,0.7,24.5,6.2,,15.5,11.5,2.7,04/05,12.6,p/przybjo01.html,6.4,-1.8,0.523,1.2,76,25,3.0,przybjo01,1858,18.3,4.7,1500000
0.506,,1.5,0.096,PF,Vladimir Radmanovic,SEA,2.4,10.3,0.5329999999999999,1.7,15.6,1.3,,13.7,3.4,1.3,04/05,19.3,r/radmavl01.html,7.9,1.5,0.158,1.3,63,24,-0.3,radmavl01,1856,9.5,3.7,2300984
0.0,,-0.1,-0.10800000000000001,C,Peter John Ramos,WAS,-0.1,21.6,0.506,0.0,17.5,3.7,,8.2,5.4,0.0,04/05,30.3,r/ramospe01.html,0.0,-11.3,0.2,-18.3,6,19,-7.0,ramospe01,20,11.2,0.0,600000
0.008,,-0.1,0.094,PF,Zach Randolph,POR,1.6,11.6,0.511,1.1,20.8,0.8,,18.6,10.7,1.5,04/05,27.7,r/randoza01.html,10.2,-0.6,0.34299999999999997,-2.2,46,23,-1.6,randoza01,1603,15.9,3.1,1504272
0.0,,0.7,0.063,C,Theo Ratliff,POR,0.5,15.6,0.5,0.7,14.1,6.5,,10.1,7.7,1.7,04/05,9.6,r/ratlith01.html,2.9,-3.5,0.41600000000000004,-0.5,63,31,3.0,ratlith01,1731,11.0,2.3,10937500
0.0,,0.1,0.122,C,Zeljko Rebraca,LAC,1.4,15.3,0.625,0.8,16.9,3.3,,14.0,6.5,0.9,04/05,16.0,r/rebraze01.html,4.8,-1.5,0.363,-1.6,58,32,0.0,rebraze01,928,11.9,2.4,2500000
0.207,,1.4,0.105,SG,Michael Redd,MIL,5.5,7.6,0.536,1.2,10.0,0.2,,18.3,2.9,0.7,04/05,27.8,r/reddmi01.html,11.4,2.7,0.305,-0.1,75,25,-2.7,reddmi01,2848,6.4,6.2,3000000
0.10300000000000001,,0.0,0.121,SF,Justin Reed,BOS,0.2,12.3,0.5760000000000001,1.3,7.6,0.6,,13.7,7.9,0.1,04/05,15.1,r/reedju01.html,12.9,0.1,0.517,-1.8,23,23,-1.8,reedju01,121,7.7,0.3,385277
0.0,,-0.2,-0.013000000000000001,C,Jared Reiner,CHI,-0.3,22.1,0.331,1.2,21.0,4.0,,2.3,11.1,0.3,04/05,13.8,r/reineja01.html,1.2,-9.3,0.133,-7.3,19,22,2.0,reineja01,132,16.1,0.0,385277
0.27,,3.0,0.1,SG,Jason Richardson,GSW,3.3,10.1,0.518,2.0,12.5,0.8,,19.0,4.8,2.4,04/05,27.1,r/richaja01.html,19.2,2.7,0.226,2.4,72,24,-0.3,richaja01,2724,8.5,5.7,3534018
0.604,,2.8,0.098,SG,Quentin Richardson,PHO,3.3,8.3,0.522,1.7,13.9,0.6,,13.6,3.6,2.5,04/05,18.9,r/richaqu01.html,7.9,2.0,0.17600000000000002,1.9,79,24,-0.1,richaqu01,2839,9.0,5.8,5800000
0.369,,0.2,0.049,C-PF,Clifford Robinson,TOT,-0.1,10.4,0.47100000000000003,1.9,10.8,2.3,,10.3,3.5,1.8,04/05,16.9,r/robincl02.html,9.9,-2.3,0.185,-1.6,71,38,0.6,robincl02,1689,7.0,1.7,5287500
0.078,,0.0,0.147,SF,Glenn Robinson,SAS,0.2,7.4,0.517,1.4,14.9,1.4,,17.2,3.0,0.3,04/05,27.9,r/robingl01.html,9.8,-1.8,0.299,-2.9,9,32,-1.0,robingl01,157,8.9,0.5,12071250
0.373,,-0.3,0.01,SF-PF,Rodney Rogers,TOT,-1.1,15.2,0.462,1.6,16.2,1.2,,8.9,5.0,1.4,04/05,19.0,r/rogerro01.html,11.0,-3.0,0.156,-3.0,58,33,0.0,rogerro01,1367,10.4,0.3,2700000
0.23600000000000002,,0.8,0.085,SF,Jalen Rose,TOR,3.8,11.9,0.562,1.2,9.9,0.3,,16.6,1.8,1.0,04/05,25.5,r/roseja01.html,14.0,1.4,0.336,-0.8,81,32,-2.2,roseja01,2710,5.8,4.8,14487000
0.023,,-0.1,0.085,PF,Malik Rose,TOT,0.5,16.3,0.511,1.7,16.9,0.8,,12.2,10.2,2.1,04/05,19.6,r/rosema01.html,6.6,-2.7,0.42200000000000004,-2.3,76,30,0.4,rosema01,1475,13.5,2.6,5462500
0.011000000000000001,,0.0,0.05,SG,Quinton Ross,LAC,0.4,11.4,0.47100000000000003,1.7,10.6,1.0,,8.9,4.4,1.3,04/05,13.3,r/rossqu01.html,10.4,-2.5,0.295,-2.1,78,23,0.4,rossqu01,1659,7.6,1.7,620046
0.01,,0.7,0.07400000000000001,C,Michael Ruffin,WAS,0.7,25.5,0.43200000000000005,1.8,16.2,2.4,,8.6,13.5,1.3,04/05,6.0,r/ruffimi01.html,7.1,-2.4,0.677,0.1,79,28,2.5,ruffimi01,1262,14.8,1.9,745046
0.337,,-0.4,0.003,SG,Kareem Rush,TOT,-0.2,9.9,0.47100000000000003,1.1,8.5,0.5,,10.1,2.3,0.3,04/05,21.7,r/rushka01.html,12.2,-1.2,0.11800000000000001,-3.8,48,24,-2.5,rushka01,968,5.2,0.1,1174200
0.591,,0.7,0.121,SF,Bryon Russell,DEN,1.3,10.9,0.537,2.2,13.6,0.8,,11.8,5.6,1.3,04/05,14.0,r/russebr01.html,10.4,0.6,0.306,0.8,70,34,0.2,russebr01,1026,9.7,2.6,1100000
0.0,,-0.2,0.077,PF,Jamal Sampson,CHA,0.1,17.7,0.499,0.6,31.6,3.9,,11.6,11.9,0.4,04/05,13.0,s/sampsja01.html,3.7,-5.0,0.629,-4.2,23,21,0.8,sampsja01,329,21.2,0.5,695046
0.0,,-0.1,0.012,C,Daniel Santiago,MIL,-0.1,13.4,0.426,1.5,14.7,2.8,,4.3,6.7,0.1,04/05,12.9,s/santida01.html,1.4,-5.6,0.524,-5.8,11,28,-0.2,santida01,105,10.6,0.0,1320000
0.19,,0.0,0.077,SF,Ansu Sesay,GSW,0.1,13.2,0.466,0.8,17.8,1.7,,14.8,14.6,0.1,04/05,20.9,s/sesayan01.html,14.9,-1.3,0.5710000000000001,-2.0,16,28,-0.7,sesayan01,128,16.1,0.2,745046
0.308,,-0.1,-0.166,SG,Tamar Slay,CHA,-0.4,16.7,0.35100000000000003,3.3,12.4,0.0,,1.5,8.3,0.1,04/05,27.2,s/slayta01.html,6.7,-6.7,0.051,-8.8,8,24,-2.0,slayta01,78,10.2,-0.3,695046
0.195,,-0.2,0.026000000000000002,SG,Donta Smith,ATL,0.0,15.7,0.473,2.8,9.3,0.9,,10.6,4.9,0.2,04/05,16.5,s/smithdo04.html,14.1,-2.6,0.425,-3.5,38,21,-1.0,smithdo04,433,7.0,0.2,425000
0.376,,-0.7,0.006,SG,J.R. Smith,NOH,-0.7,11.7,0.478,1.6,7.5,0.5,,10.9,2.4,0.9,04/05,23.2,s/smithjr01.html,14.6,-1.2,0.215,-3.5,76,19,-2.3,smithjr01,1859,4.8,0.2,1206600
0.002,,1.1,0.11599999999999999,PF,Joe Smith,MIL,4.0,9.9,0.564,1.0,18.9,1.2,,15.0,9.2,1.4,04/05,16.1,s/smithjo02.html,4.9,0.1,0.36700000000000005,-0.2,74,29,-0.3,smithjo02,2265,14.0,5.5,5899400
0.038,,0.8,0.055,SF,Josh Smith,ATL,0.6,16.0,0.506,1.5,18.6,5.4,,15.4,7.9,1.8,04/05,18.4,s/smithjo03.html,10.2,-2.4,0.39399999999999996,-0.4,74,19,2.0,smithjo03,2050,13.0,2.4,1270080
0.08800000000000001,,-0.5,-0.04,SF,Theron Smith,CHA,-0.7,15.9,0.36700000000000005,0.6,18.2,0.6,,5.2,8.3,0.3,04/05,14.8,s/smithth01.html,8.3,-5.7,0.11800000000000001,-6.2,33,24,-0.6,smithth01,510,13.0,-0.4,620046
0.138,,-0.7,0.05,SG,Eric Snow,CLE,0.5,19.7,0.445,1.9,7.7,0.6,,9.0,2.3,1.4,04/05,11.1,s/snower01.html,25.1,-2.8,0.245,-3.6,81,31,-0.8,snower01,1844,5.0,1.9,4875000
0.259,,-0.7,-0.012,SG,Kirk Snyder,UTA,-0.7,13.5,0.456,1.6,10.0,1.8,,8.6,6.7,0.4,04/05,21.8,s/snydeki01.html,6.8,-2.9,0.293,-5.0,68,21,-2.0,snydeki01,906,8.3,-0.2,1336920
0.006,,0.6,0.124,PF,Darius Songaila,SAC,3.1,11.5,0.5660000000000001,1.6,14.7,0.8,,14.9,8.4,1.2,04/05,16.2,s/songada01.html,10.5,-0.1,0.22699999999999998,-0.5,81,26,-0.4,songada01,1668,11.5,4.3,1600000
0.0,,-0.3,0.028999999999999998,C,Pape Sow,TOR,-0.1,12.5,0.444,2.4,17.6,1.1,,7.8,7.8,0.3,04/05,14.3,s/sowpa01.html,1.2,-5.6,0.466,-6.3,27,23,-0.8,sowpa01,255,12.7,0.2,385277
0.22,,-0.3,0.038,SF,Latrell Sprewell,MIN,0.5,10.8,0.489,1.2,8.4,0.6,,12.1,3.2,1.4,04/05,22.2,s/sprewla01.html,12.0,-1.1,0.196,-2.5,80,34,-1.5,sprewla01,2450,5.9,1.9,14625000
0.18100000000000002,,0.4,0.10300000000000001,SG,Jerry Stackhouse,DAL,1.9,11.8,0.525,1.7,9.8,0.5,,15.9,2.7,1.5,04/05,24.9,s/stackje01.html,13.0,0.2,0.45,-1.0,56,30,-1.2,stackje01,1617,6.3,3.5,7437500
0.157,,-1.1,-0.006999999999999999,SG,DeShawn Stevenson,ORL,-0.4,10.8,0.456,0.7,6.5,0.6,,9.3,4.0,0.3,04/05,21.1,s/stevede01.html,10.4,-2.9,0.237,-5.9,55,23,-3.1,stevede01,1089,5.2,-0.1,2500000
0.0,,0.0,0.077,PF,Michael Stewart,ATL,0.1,19.9,0.519,2.2,16.1,2.7,,10.6,16.1,0.1,04/05,9.3,s/stewami01.html,5.2,-1.8,0.33299999999999996,-0.8,12,29,1.0,stewami01,145,16.1,0.2,4800000
0.426,,2.1,0.13699999999999998,SF,Peja Stojakovic,SAC,6.0,8.2,0.584,1.6,9.8,0.3,,17.3,2.7,1.2,04/05,21.7,s/stojape01.html,8.7,3.3,0.271,1.3,66,27,-2.1,stojape01,2534,6.3,7.3,6875000
0.2,,0.0,0.026000000000000002,SG,Awvee Storey,NJN,0.0,0.0,0.368,0.0,3.8,0.0,,6.9,14.8,0.0,04/05,16.0,s/storeaw01.html,5.2,-3.2,0.2,-7.1,9,27,-3.9,storeaw01,32,9.4,0.0,84573
0.42100000000000004,,2.2,0.099,PG,Damon Stoudamire,POR,4.2,11.6,0.51,1.7,10.2,0.1,,16.6,2.4,1.4,04/05,23.6,s/stoudda01.html,29.2,3.2,0.171,1.1,81,31,-2.0,stoudda01,2762,6.5,5.7,12500000
0.012,,3.9,0.243,C,Amar'e Stoudemire,PHO,11.3,10.1,0.617,1.3,17.4,3.0,,26.6,8.5,3.3,04/05,28.3,s/stoudam01.html,7.7,3.4,0.595,3.4,80,22,0.0,stoudam01,2889,13.2,14.6,2032200
0.273,,-0.6,-0.012,SG,Erick Strickland,MIL,-0.6,16.2,0.45299999999999996,1.6,10.7,0.1,,8.1,1.3,0.4,04/05,17.8,s/stricer01.html,17.8,-2.8,0.21100000000000002,-4.4,62,31,-1.5,stricer01,1014,6.0,-0.3,1650000
0.0,,0.0,0.004,C,Robert Swift,SEA,0.0,21.1,0.501,0.8,6.8,7.6,,5.2,1.7,0.1,04/05,12.2,s/swiftro01.html,4.2,-5.4,0.818,-2.8,16,19,2.6,swiftro01,72,4.2,0.0,1641360
0.008,,0.3,0.107,PF,Stromile Swift,MEM,0.6,13.3,0.517,1.7,16.9,5.7,,16.7,8.7,2.3,04/05,24.9,s/swiftst01.html,6.2,-3.0,0.449,-1.1,60,25,1.9,swiftst01,1279,12.8,2.9,5993105
0.16699999999999998,,0.0,0.129,PG,Yuta Tabuse,PHO,0.0,11.4,0.451,0.0,12.0,0.0,,15.6,13.2,0.0,04/05,22.5,t/tabusyu01.html,22.4,0.1,0.667,-2.6,4,24,-2.7,tabusyu01,17,12.6,0.0,108066
0.02,,-0.8,0.02,PF-C,Maurice Taylor,TOT,-1.1,16.1,0.48,1.1,16.4,1.2,,9.4,5.9,1.6,04/05,20.4,t/tayloma01.html,8.7,-4.5,0.231,-4.3,65,28,0.2,tayloma01,1336,11.2,0.5,8450000
0.16,,-1.6,-0.013000000000000001,PG,Sebastian Telfair,POR,-0.9,20.4,0.47100000000000003,1.4,7.8,0.2,,9.7,0.9,0.5,04/05,21.2,t/telfase01.html,27.8,-3.6,0.309,-6.7,68,19,-3.1,telfase01,1330,4.5,-0.4,1559280
0.33,,3.0,0.171,PG,Jason Terry,DAL,6.2,15.2,0.606,2.4,6.8,0.5,,18.4,1.8,2.4,04/05,18.0,t/terryja01.html,28.8,3.8,0.233,3.0,80,27,-0.9,terryja01,2401,4.4,8.5,7500000
0.29,,-0.1,0.054000000000000006,SF,Tim Thomas,NYK,1.4,12.5,0.536,1.1,11.7,0.7,,12.3,2.7,0.8,04/05,21.3,t/thomati01.html,9.7,-0.5,0.24100000000000002,-2.2,71,27,-1.7,thomati01,1940,7.2,2.2,12900000
0.299,,1.9,0.102,PG,Jamaal Tinsley,IND,0.8,18.4,0.518,3.4,12.1,0.7,,18.6,2.4,2.0,04/05,26.8,t/tinslja01.html,39.3,2.7,0.314,3.7,40,26,1.0,tinslja01,1301,7.3,2.8,1554326
0.02,,0.2,0.066,C,Robert Traylor,CLE,-0.1,14.1,0.461,2.2,17.8,2.8,,12.0,11.8,1.9,04/05,17.6,t/traylro01.html,7.4,-2.8,0.256,-1.5,74,27,1.3,traylro01,1327,14.8,1.8,1600000
0.0,,0.0,0.107,C,Jake Tsakalidis,MEM,0.3,14.3,0.542,0.6,15.0,4.5,,11.8,9.1,0.4,04/05,14.2,t/tsakaja01.html,6.0,-3.0,0.281,-1.5,31,25,1.5,tsakaja01,278,12.1,0.6,2900000
0.23,,-0.3,-0.109,PF,Nikoloz Tskitishvili,TOT,-0.8,19.8,0.324,1.9,15.1,3.7,,2.7,6.3,0.3,04/05,19.4,t/tskitni01.html,6.9,-8.9,0.095,-8.3,35,21,0.6,tskitni01,220,10.6,-0.5,2910600
0.313,,0.5,0.092,SF,Hedo Turkoglu,ORL,2.4,11.9,0.532,1.2,10.7,0.7,,16.0,4.0,1.0,04/05,24.8,t/turkohe01.html,14.9,1.5,0.28800000000000003,-0.8,67,25,-2.3,turkohe01,1757,7.4,3.4,4903000
0.364,,0.4,0.128,PG,Beno Udrih,SAS,1.3,15.2,0.5489999999999999,1.9,6.8,0.6,,14.3,1.6,1.8,04/05,20.5,u/udrihbe01.html,22.2,0.1,0.228,-0.7,80,22,-0.9,udrihbe01,1149,4.2,3.1,841680
0.45799999999999996,,0.1,0.049,SG,Nick Van Exel,POR,0.9,13.4,0.494,1.5,9.7,0.0,,12.5,1.5,0.7,04/05,19.5,v/vanexni01.html,23.3,0.4,0.132,-1.8,53,33,-2.2,vanexni01,1619,5.7,1.6,11933252
0.01,,0.7,0.16399999999999998,PF,Anderson Varejao,CLE,1.5,9.5,0.534,2.5,20.7,3.3,,17.0,14.6,1.4,04/05,14.4,v/varejan01.html,4.9,-0.5,0.6579999999999999,1.1,54,22,1.6,varejan01,863,17.6,3.0,788000
0.046,,-0.9,0.062,SG,Jacque Vaughn,NJN,0.4,14.5,0.511,1.6,7.8,0.1,,8.9,1.4,1.4,04/05,14.2,v/vaughja01.html,16.3,-3.7,0.28,-4.5,71,29,-0.7,vaughja01,1410,4.6,1.8,932546
0.0,,0.0,0.075,C,Jake Voskuhl,PHO,0.2,20.9,0.528,0.6,17.5,2.0,,8.7,9.4,0.3,04/05,11.6,v/voskuja01.html,6.1,-2.9,0.644,-2.2,38,27,0.7,voskuja01,360,13.7,0.6,1687500
0.5379999999999999,,-0.2,0.018000000000000002,SG,Sasha Vujacic,LAL,0.0,10.7,0.40299999999999997,1.6,13.6,0.4,,8.9,3.7,0.1,04/05,15.8,v/vujacsa01.html,19.5,-1.9,0.162,-3.6,35,20,-1.7,vujacsa01,403,8.7,0.2,846840
0.034,,4.8,0.177,SG,Dwyane Wade,MIA,6.7,16.3,0.561,2.2,10.8,2.0,,23.1,4.5,4.3,04/05,30.9,w/wadedw01.html,31.0,3.1,0.578,4.4,77,23,1.4,wadedw01,2974,7.8,11.0,2834160
0.473,,-0.2,-0.099,SG,Dajuan Wagner,CLE,-0.3,13.7,0.38799999999999996,2.6,2.4,0.0,,5.0,0.0,0.1,04/05,29.1,w/wagneda02.html,22.1,-4.2,0.073,-10.1,11,21,-5.8,wagneda02,102,1.2,-0.2,2643600
0.0,,-0.2,-0.047,PF,Samaki Walker,WAS,-0.2,19.8,0.371,1.2,8.7,3.9,,3.1,6.5,0.1,04/05,13.1,w/walkesa01.html,4.5,-7.0,0.09699999999999999,-6.6,14,28,0.5,walkesa01,134,7.6,-0.1,995046
0.013999999999999999,,3.9,0.153,C,Ben Wallace,DET,1.8,9.5,0.45899999999999996,2.2,26.5,5.0,,17.4,12.9,6.7,04/05,15.2,w/wallabe01.html,7.6,-1.5,0.467,3.8,74,30,5.4,wallabe01,2671,19.8,8.5,7000000
0.09699999999999999,,1.8,0.055,SF,Gerald Wallace,CHA,-0.2,17.2,0.51,2.8,15.1,3.2,,14.1,6.0,2.7,04/05,19.1,w/wallage01.html,10.4,-1.6,0.45399999999999996,1.3,70,22,2.9,wallage01,2147,10.3,2.4,1652453
0.222,,2.3,0.127,PF,Rasheed Wallace,DET,2.0,10.0,0.499,1.3,20.3,3.2,,16.4,7.7,5.1,04/05,22.3,w/wallara01.html,9.8,-0.4,0.184,1.4,79,30,1.9,wallara01,2687,14.0,7.1,9720000
0.33899999999999997,,0.0,0.031,SF,Luke Walton,LAL,0.2,22.4,0.49200000000000005,1.8,12.7,1.0,,11.4,8.1,0.3,04/05,15.3,w/waltolu01.html,19.1,-1.5,0.267,-1.9,61,24,-0.4,waltolu01,768,10.4,0.5,620046
0.662,,0.1,0.061,PG,Charlie Ward,HOU,-0.1,17.9,0.45299999999999996,2.3,10.4,0.0,,8.7,2.0,0.5,04/05,13.2,w/wardch01.html,18.4,-1.7,0.16899999999999998,-0.6,14,34,1.1,wardch01,360,6.3,0.5,1700000
0.0,,-0.2,0.098,PF,Clarence Weatherspoon,HOU,0.3,10.4,0.475,0.9,18.8,0.9,,9.0,8.0,0.8,04/05,13.0,w/weathcl01.html,5.2,-4.0,0.307,-3.3,40,34,0.8,weathcl01,525,13.5,1.1,5899400
0.16899999999999998,,0.6,0.1,SG,Bonzi Wells,MEM,0.6,11.4,0.515,3.1,14.4,1.4,,15.9,4.0,2.5,04/05,25.0,w/wellsbo01.html,10.2,-1.1,0.305,-0.3,69,28,0.8,wellsbo01,1489,9.2,3.1,7700000
0.375,,1.6,0.08900000000000001,SG,David Wesley,TOT,2.3,10.9,0.513,1.9,8.0,0.3,,11.8,1.6,2.8,04/05,17.5,w/wesleda01.html,16.5,0.3,0.225,0.4,80,34,0.1,wesleda01,2774,4.8,5.2,4455000
0.028999999999999998,,-0.4,0.022000000000000002,SF,David West,NOH,-0.3,16.0,0.479,1.2,19.9,2.3,,11.1,8.2,0.6,04/05,19.4,w/westda01.html,7.6,-4.7,0.29100000000000004,-4.6,30,24,0.2,westda01,552,13.8,0.2,1247160
0.43200000000000005,,0.2,0.09,SG,Delonte West,BOS,0.5,12.6,0.524,2.1,11.5,1.2,,12.3,3.3,0.5,04/05,17.0,w/westde01.html,16.4,0.1,0.174,-0.6,39,21,-0.7,westde01,507,7.5,0.9,939480
0.20800000000000002,,-0.3,0.038,SF,Rodney White,TOT,-0.3,10.7,0.475,2.4,11.0,1.2,,12.3,4.0,0.8,04/05,22.7,w/whitero02.html,11.1,-2.5,0.152,-3.5,58,24,-1.0,whitero02,677,7.5,0.5,1797845
0.0,,-0.4,0.064,C,Chris Wilcox,LAC,0.2,16.4,0.5429999999999999,1.4,19.1,1.8,,13.6,7.8,1.1,04/05,21.6,w/wilcoch01.html,6.7,-2.7,0.43799999999999994,-3.4,54,22,-0.7,wilcoch01,1005,13.6,1.3,2210880
0.35100000000000003,,0.4,0.092,SF,Damien Wilkins,SEA,0.7,8.0,0.5,2.3,8.7,1.5,,13.4,6.9,0.3,04/05,17.7,w/wilkida02.html,8.5,1.1,0.20199999999999999,0.9,29,25,-0.2,wilkida02,520,7.8,1.0,385277
0.20800000000000002,,0.0,0.099,PG,Mike Wilks,SAS,0.1,14.3,0.48200000000000004,2.7,8.8,0.3,,11.0,1.7,0.5,04/05,16.4,w/wilksmi01.html,19.1,-2.7,0.20800000000000002,-2.2,48,25,0.5,wilksmi01,278,5.3,0.6,720046
0.0,,-0.3,0.039,C,Aaron Williams,TOT,-0.1,19.4,0.518,0.8,16.3,2.0,,5.9,6.2,0.3,04/05,12.9,w/williaa01.html,4.2,-5.7,0.27,-6.0,42,33,-0.3,williaa01,315,11.1,0.3,3790257
0.221,,0.0,0.075,SG,Eric Williams,TOT,0.9,13.0,0.529,1.5,11.5,0.2,,10.7,3.9,1.1,04/05,16.2,w/willier01.html,11.3,-1.5,0.488,-1.9,55,32,-0.3,willier01,1322,7.6,2.1,3580000
0.2,,-0.1,-0.102,SG,Frank Williams,CHI,-0.3,13.0,0.15,1.5,6.3,3.2,,0.3,3.2,0.1,04/05,14.5,w/willifr02.html,22.9,-9.1,0.0,-7.6,9,24,1.5,willifr02,71,4.7,-0.2,957480
0.021,,0.3,0.102,SF,Jerome Williams,NYK,1.5,16.9,0.563,2.4,16.4,0.6,,13.2,11.1,1.1,04/05,14.5,w/willije01.html,5.2,-1.2,0.708,-0.9,79,31,0.3,willije01,1211,13.7,2.6,6187500
0.134,,0.4,0.046,PG,Mo Williams,MIL,1.2,19.5,0.504,1.7,10.2,0.4,,14.1,2.6,1.0,04/05,20.3,w/willima01.html,35.4,0.2,0.217,-1.2,80,22,-1.4,willima01,2254,6.4,2.2,1600000
0.024,,-0.1,0.025,C,Scott Williams,CLE,-0.1,9.8,0.36,1.4,11.9,2.9,,6.8,11.4,0.2,04/05,15.1,w/willisc01.html,7.8,-4.5,0.268,-4.3,19,36,0.2,willisc01,152,11.6,0.1,1600000
0.003,,-0.6,0.10300000000000001,PF,Corliss Williamson,TOT,2.0,11.1,0.536,1.3,11.5,0.8,,14.7,7.6,1.2,04/05,22.6,w/willico02.html,8.6,-1.7,0.418,-3.4,72,31,-1.8,willico02,1527,9.5,3.3,5500000
0.022000000000000002,,-0.4,0.004,C,Kevin Willis,ATL,-0.1,13.0,0.434,1.2,16.8,1.6,,8.0,9.3,0.1,04/05,15.0,w/willike02.html,4.1,-5.0,0.256,-6.8,29,42,-1.8,willike02,344,12.9,0.0,1300000
0.006,,-0.4,0.048,C,Loren Woods,TOR,0.0,16.3,0.46299999999999997,0.6,22.5,4.0,,11.3,12.6,0.7,04/05,14.6,w/woodslo01.html,3.7,-4.5,0.36,-3.9,45,26,0.6,woodslo01,712,17.5,0.7,755000
0.0,,0.0,0.024,SF,Qyntel Woods,MIA,-0.1,14.3,0.41700000000000004,5.3,11.2,0.0,,7.7,6.1,0.1,04/05,16.3,w/woodsqy01.html,0.0,-6.2,0.0,-6.3,3,23,0.0,woodsqy01,40,8.8,0.0,1127280
0.14300000000000002,,0.4,0.21899999999999997,SF,Metta World Peace,IND,0.9,10.7,0.608,2.3,14.9,1.6,,23.5,3.3,0.4,04/05,26.1,a/artesro01.html,16.2,3.3,0.429,4.0,7,25,0.7,artesro01,291,9.2,1.3,6157895
0.364,,0.0,-0.134,SF,Dorell Wright,MIA,-0.1,20.8,0.306,7.8,4.2,0.0,,5.2,0.0,0.1,04/05,24.9,w/wrighdo01.html,16.7,-7.9,0.091,-6.3,3,19,1.7,wrighdo01,27,2.2,-0.1,1152240
0.004,,0.8,0.10800000000000001,C,Lorenzen Wright,MEM,1.3,11.5,0.501,1.4,22.8,2.4,,13.9,9.3,3.8,04/05,17.9,w/wrighlo02.html,6.7,-2.4,0.29,-0.6,80,29,1.8,wrighlo02,2287,16.1,5.2,7150000
0.083,,0.0,0.114,C,Wang Zhizhi,MIA,0.1,10.8,0.521,1.7,14.6,1.6,,16.3,7.9,0.1,04/05,23.4,z/zhizhwa01.html,9.2,-1.8,0.33299999999999996,-3.0,20,27,-1.2,zhizhwa01,92,11.4,0.2,745046
